scheme_name,min_sip,min_lumpsum,expense_ratio,fund_size_cr,fund_age_yr,fund_manager,sortino,alpha,sd,beta,sharpe,risk_level,amc_name,rating,category,sub_category,returns_1yr,returns_3yr,returns_5yr,sd_risk,beta_risk,sharpe_risk,sortino_risk,risk_score,calculated_risk_level,calculated_risk_numeric,risk_explanation,return_score,sharpe_quality,sortino_quality,fund_quality_score,risk_gap,risk_compatibility,recommendation_score
Aditya Birla SL Active Debt Multi-Mgr FoF-Dir Growth,100,100,0.27,10.0,10,Kaustubh Gupta,0.32,2.24,9.39,0.01,0.24,3,Aditya Birla Sun Life Mutual Fund,3,Other,FoFs Domestic,4.0,6.5,6.9,29.411764705882355,5.88235294117647,100.0,100.0,52.94117647058823,Moderate,3,Primary risk drivers: Sharpe Risk and Downside Risk.,5.88235294117647,2.941176470588235,2.941176470588235,4.117647058823529,0,100.0,52.411764705882355
Aditya Birla SL Arbitrage Fund,1000,1000,0.36,4288.0,10,Lovelish Solanki,1.33,1.53,0.72,0.56,1.1,1,Aditya Birla Sun Life Mutual Fund,3,Hybrid,Arbitrage Mutual Funds,5.6,4.8,5.5,65.9090909090909,59.09090909090909,40.909090909090914,40.909090909090914,54.54545454545456,Moderate,3,Primary risk drivers: Volatility and Market Sensitivity.,70.45454545454545,63.63636363636363,63.63636363636363,66.36363636363636,0,100.0,84.0
Aditya Birla SL Asset Allocator FoF-Dir Growth,1000,1000,0.53,157.0,10,Vinod Narayan Bhat,3.44,2.67,10.58,0.67,1.42,5,Aditya Birla Sun Life Mutual Fund,3,Other,FoFs Domestic,2.0,18.9,9.7,38.23529411764706,38.23529411764706,32.35294117647059,23.52941176470588,34.11764705882353,Low,2,Primary risk drivers: Volatility and Market Sensitivity.,64.70588235294117,70.58823529411765,79.41176470588235,70.88235294117646,1,75.0,71.70588235294117
Aditya Birla SL Bal Bhavishya Yojna – Dir Growth,500,1000,0.76,637.0,4,Atul Penkar,2.18,-6.37,14.99,0.85,0.9,6,Aditya Birla Sun Life Mutual Fund,2,Solution Oriented,Childrens Funds,-0.7,17.1,,75.0,50.0,100.0,100.0,80.0,Very High,5,Primary risk drivers: Sharpe Risk and Downside Risk.,31.25,12.5,12.5,20.0,2,50.0,37.25
Aditya Birla SL Balanced Advantage Fund,100,100,0.61,6386.0,10,Mohit Sharma,3.69,1.99,10.38,0.68,1.39,6,Aditya Birla Sun Life Mutual Fund,4,Hybrid,Dynamic Asset Allocation or Balanced Advantage,4.5,18.6,9.7,78.94736842105263,89.47368421052632,47.368421052631575,31.57894736842105,65.26315789473684,High,4,Primary risk drivers: Market Sensitivity and Volatility.,78.94736842105263,57.89473684210527,73.68421052631578,71.05263157894737,1,75.0,74.60526315789474
Aditya Birla SL Banking&Financial Services-DirGrowth,1000,1000,1.17,2384.0,9,Dhaval Gala,2.07,1.24,25.53,0.96,0.97,6,Aditya Birla Sun Life Mutual Fund,2,Equity,Sectoral / Thematic Mutual Funds,5.3,24.6,9.2,100.0,92.94871794871796,91.66666666666666,91.02564102564102,95.12820512820512,Very High,5,Primary risk drivers: Volatility and Market Sensitivity.,33.33333333333333,9.615384615384617,10.256410256410255,19.294871794871792,2,50.0,37.455128205128204
Aditya Birla SL Banking&PSU Debt Fund,1000,1000,0.37,7994.0,10,Kaustubh Gupta,1.92,4.46,1.91,1.78,1.09,3,Aditya Birla Sun Life Mutual Fund,4,Debt,Banking and PSU Mutual Funds,4.5,6.8,7.3,47.05882352941176,41.17647058823529,17.647058823529413,29.411764705882355,36.470588235294116,Low,2,Primary risk drivers: Volatility and Market Sensitivity.,67.64705882352942,88.23529411764706,76.47058823529412,76.47058823529412,1,75.0,73.97058823529412
Aditya Birla SL Corporate Bond Fund,100,100,0.31,12120.0,10,Kaustubh Gupta,2.28,2.38,1.93,0.78,1.35,2,Aditya Birla Sun Life Mutual Fund,4,Debt,Corporate Bond Mutual Funds,4.9,7.1,7.4,55.55555555555556,72.22222222222221,16.666666666666664,27.77777777777778,45.555555555555564,Moderate,3,Primary risk drivers: Market Sensitivity and Volatility.,88.88888888888889,88.88888888888889,77.77777777777779,85.55555555555556,0,100.0,93.44444444444446
Aditya Birla SL Credit Risk Fund,100,100,0.69,1032.0,8,Sunaina da Cunha,1.82,3.01,2.9,-0.95,1.47,4,Aditya Birla Sun Life Mutual Fund,4,Debt,Credit Risk Funds,8.7,9.0,7.2,42.857142857142854,42.857142857142854,28.57142857142857,57.14285714285714,42.85714285714286,Moderate,3,Primary risk drivers: Downside Risk and Volatility.,71.42857142857143,78.57142857142857,50.0,67.14285714285714,0,100.0,84.42857142857143
Aditya Birla SL Digital India Fund,100,1000,0.88,3338.0,10,Kunal Sangoi,2.42,9.37,21.12,0.83,1.53,6,Aditya Birla Sun Life Mutual Fund,0,Equity,Sectoral / Thematic Mutual Funds,-14.6,39.8,21.1,75.64102564102564,58.333333333333336,33.97435897435898,64.1025641025641,61.53846153846153,High,4,Primary risk drivers: Volatility and Downside Risk.,93.58974358974359,67.3076923076923,37.17948717948718,68.78205128205128,1,75.0,76.8525641025641
Aditya Birla SL Dividend Yield Fund,1000,1000,1.73,850.0,10,Dhaval Gala,3.78,5.04,15.77,0.85,1.58,6,Aditya Birla Sun Life Mutual Fund,0,Equity,Dividend Yield Funds,6.2,30.5,10.0,100.0,100.0,50.0,66.66666666666666,83.33333333333333,Very High,5,Primary risk drivers: Volatility and Market Sensitivity.,66.66666666666666,66.66666666666666,50.0,61.66666666666666,2,50.0,56.83333333333333
Aditya Birla SL Dynamic Bond Fund,1000,1000,0.64,1795.0,10,Mohit Sharma,1.78,3.02,3.22,0.91,1.02,3,Aditya Birla Sun Life Mutual Fund,5,Debt,Dynamic Bond,7.5,8.0,6.0,80.95238095238095,42.857142857142854,9.523809523809524,19.047619047619047,46.666666666666664,Moderate,3,Primary risk drivers: Volatility and Market Sensitivity.,90.47619047619048,95.23809523809523,85.71428571428571,90.47619047619047,0,100.0,95.23809523809524
Aditya Birla SL Equity Advantage Fund,1000,1000,1.14,4836.0,10,Atul Penkar,2.21,-2.06,17.61,0.98,1.16,6,Aditya Birla Sun Life Mutual Fund,1,Equity,Large & Mid Cap Funds,-9.9,22.3,7.9,91.66666666666666,97.91666666666666,100.0,100.0,96.25,Very High,5,Primary risk drivers: Sharpe Risk and Downside Risk.,4.166666666666666,4.166666666666666,4.166666666666666,4.166666666666666,2,50.0,27.083333333333332
Aditya Birla SL Equity Hybrid ’95 Fund,100,100,1.01,7046.0,10,Mahesh Patil,2.54,1.43,12.84,0.85,1.33,6,Aditya Birla Sun Life Mutual Fund,2,Hybrid,Aggressive Hybrid Mutual Funds,-5.7,20.4,7.7,80.0,85.0,63.33333333333333,86.66666666666667,79.0,High,4,Primary risk drivers: Downside Risk and Market Sensitivity.,36.666666666666664,40.0,16.666666666666664,31.666666666666664,1,75.0,54.333333333333336
Aditya Birla SL Equity Savings Fund,1000,1000,1.21,451.0,8,Dhaval Shah,2.55,1.11,6.83,0.99,1.2,4,Aditya Birla Sun Life Mutual Fund,2,Hybrid,Equity Savings Mutual Funds,0.8,11.7,6.9,71.42857142857143,76.19047619047619,76.19047619047619,80.95238095238095,75.23809523809524,High,4,Primary risk drivers: Downside Risk and Market Sensitivity.,19.047619047619047,28.57142857142857,23.809523809523807,23.333333333333332,1,75.0,48.30952380952381
Aditya Birla SL Flexi Cap Fund,100,100,0.86,15449.0,10,Anil Shah,3.4,-1.46,16.6,0.96,1.27,6,Aditya Birla Sun Life Mutual Fund,3,Equity,Flexi Cap Funds,-2.1,25.0,10.4,72.72727272727273,86.36363636363636,63.63636363636363,20.454545454545457,63.18181818181819,High,4,Primary risk drivers: Market Sensitivity and Volatility.,47.72727272727273,40.909090909090914,84.0909090909091,56.59090909090909,1,75.0,64.02272727272727
Aditya Birla SL Floating Rate Fund,1000,1000,0.23,12364.0,10,Kaustubh Gupta,2.81,3.73,1.14,1.37,1.66,2,Aditya Birla Sun Life Mutual Fund,5,Debt,Floater Mutual Funds,5.8,6.4,6.8,42.857142857142854,71.42857142857143,28.57142857142857,42.857142857142854,45.714285714285715,Moderate,3,Primary risk drivers: Market Sensitivity and Volatility.,42.857142857142854,85.71428571428571,71.42857142857143,64.28571428571428,0,100.0,77.85714285714285
Aditya Birla SL Focused Equity Fund,1000,1000,1.06,5633.0,10,Mahesh Patil,3.24,-1.14,16.09,0.95,1.26,6,Aditya Birla Sun Life Mutual Fund,3,Equity,Focused Funds,-0.7,24.0,10.7,36.84210526315789,78.94736842105263,68.42105263157895,36.84210526315789,51.578947368421055,Moderate,3,Primary risk drivers: Market Sensitivity and Sharpe Risk.,36.84210526315789,36.84210526315789,68.42105263157895,46.315789473684205,0,100.0,71.26315789473684
Aditya Birla SL FP FoF – Aggressive – Direct Growth,100,100,0.22,159.0,10,Vinod Narayan Bhat,3.13,1.65,11.73,0.8,1.4,6,Aditya Birla Sun Life Mutual Fund,3,Other,FoFs Domestic,2.5,21.7,10.7,47.05882352941176,48.529411764705884,36.76470588235294,26.47058823529412,41.1764705882353,Moderate,3,Primary risk drivers: Market Sensitivity and Volatility.,73.52941176470588,66.17647058823529,76.47058823529412,72.20588235294117,0,100.0,86.36764705882352
Aditya Birla SL FP FoF – Conservative – Direct Growth,100,100,0.34,14.0,10,Vinod Narayan Bhat,3.82,1.94,5.49,0.36,1.57,4,Aditya Birla Sun Life Mutual Fund,4,Other,FoFs Domestic,4.7,13.3,8.2,14.705882352941178,11.76470588235294,20.588235294117645,20.588235294117645,16.470588235294116,Very Low,1,Primary risk drivers: Sharpe Risk and Downside Risk.,54.41176470588235,82.35294117647058,82.35294117647058,71.17647058823529,2,50.0,57.23529411764706
Aditya Birla SL FP FoF – Moderate – Direct Growth,100,100,0.36,28.0,10,Vinod Narayan Bhat,3.09,1.69,8.56,0.58,1.44,5,Aditya Birla Sun Life Mutual Fund,3,Other,FoFs Domestic,3.7,17.3,9.4,23.52941176470588,32.35294117647059,29.411764705882355,35.294117647058826,28.823529411764707,Low,2,Primary risk drivers: Downside Risk and Market Sensitivity.,58.82352941176471,73.52941176470588,67.64705882352942,65.88235294117648,1,75.0,69.02941176470588
Aditya Birla SL Frontline Equity Fund,100,100,1.03,21131.0,10,Mahesh Patil,3.36,0.76,16.02,0.95,1.39,6,Aditya Birla Sun Life Mutual Fund,3,Equity,Large Cap Mutual Funds,1.6,26.3,10.6,64.28571428571429,75.0,25.0,21.428571428571427,50.00000000000001,Moderate,3,Primary risk drivers: Market Sensitivity and Volatility.,74.07407407407408,78.57142857142857,82.14285714285714,77.84391534391534,0,100.0,88.16798941798942
Aditya Birla SL Gold Fund,100,100,0.15,278.0,10,Lovelish Solanki,1.07,-0.57,13.89,0.97,0.45,5,Aditya Birla Sun Life Mutual Fund,2,Other,FoFs Domestic,11.8,12.1,13.2,64.70588235294117,70.58823529411765,85.29411764705883,75.0,72.05882352941177,High,4,Primary risk drivers: Sharpe Risk and Downside Risk.,36.76470588235294,17.647058823529413,27.941176470588236,28.38235294117647,1,75.0,53.36764705882353
Aditya Birla SL Govt Securities Fund,1000,1000,0.29,1351.0,10,Bhupesh Bameta,0.71,1.09,3.35,0.73,0.57,3,Aditya Birla Sun Life Mutual Fund,3,Debt,Gilt Mutual Funds,3.6,6.0,8.0,100.0,100.0,42.10526315789473,47.368421052631575,77.89473684210526,High,4,Primary risk drivers: Volatility and Market Sensitivity.,73.68421052631578,63.1578947368421,57.89473684210527,65.78947368421052,1,75.0,71.9736842105263
Aditya Birla SL Income Fund,1000,5000,0.49,1496.0,10,Bhupesh Bameta,0.88,1.69,3.29,1.51,0.64,3,Aditya Birla Sun Life Mutual Fund,4,Debt,Medium to Long Duration Funds,3.5,7.1,7.7,90.9090909090909,81.81818181818183,36.36363636363637,36.36363636363637,67.27272727272728,High,4,Primary risk drivers: Volatility and Market Sensitivity.,90.9090909090909,72.72727272727273,72.72727272727273,80.0,1,75.0,79.68181818181819
Aditya Birla SL India GenNext Fund,1000,1000,0.82,3217.0,10,Chanchal Khandelwal,3.73,3.33,14.93,0.79,1.43,6,Aditya Birla Sun Life Mutual Fund,3,Equity,Sectoral / Thematic Mutual Funds,4.6,25.0,13.3,21.794871794871796,50.0,44.871794871794876,10.897435897435898,29.871794871794872,Low,2,Primary risk drivers: Market Sensitivity and Sharpe Risk.,38.46153846153847,56.41025641025641,90.38461538461539,59.42307692307692,1,75.0,63.019230769230774
Aditya Birla SL Infrastructure Fund,1000,1000,1.7,562.0,10,Mahesh Patil,3.3,4.38,22.52,0.85,1.4,6,Aditya Birla Sun Life Mutual Fund,2,Equity,Sectoral / Thematic Mutual Funds,13.5,35.6,9.2,84.61538461538461,64.1025641025641,47.43589743589743,33.33333333333333,62.820512820512825,High,4,Primary risk drivers: Volatility and Market Sensitivity.,83.97435897435898,53.84615384615385,67.94871794871796,70.12820512820514,1,75.0,75.33333333333334
Aditya Birla SL Inter Equity – Plan B-Direct Growth,1000,1000,2.15,90.0,10,Vinod Narayan Bhat,2.45,-1.93,16.3,0.87,1.14,6,Aditya Birla Sun Life Mutual Fund,0,Equity,Sectoral / Thematic Mutual Funds,-4.1,22.7,7.6,32.69230769230769,71.15384615384616,72.43589743589743,60.256410256410255,53.846153846153854,Moderate,3,Primary risk drivers: Sharpe Risk and Market Sensitivity.,20.51282051282051,28.846153846153843,41.02564102564102,29.166666666666664,0,100.0,62.8525641025641
Aditya Birla SL Liquid Fund,500,500,0.21,28071.0,10,Kaustubh Gupta,5.28,1.49,0.39,0.8,1.06,3,Aditya Birla Sun Life Mutual Fund,4,Debt,Liquid Mutual Funds,5.7,4.4,5.4,93.93939393939394,93.93939393939394,18.181818181818183,18.181818181818183,63.63636363636364,High,4,Primary risk drivers: Volatility and Market Sensitivity.,80.3030303030303,84.84848484848484,84.84848484848484,83.03030303030303,1,75.0,78.46969696969697
Aditya Birla SL Low Duration Fund,100,100,0.39,10035.0,10,Mohit Sharma,4.76,3.33,0.97,1.0,2.05,3,Aditya Birla Sun Life Mutual Fund,4,Debt,Low Duration Funds,5.7,6.5,7.0,50.0,45.0,5.0,15.0,33.0,Low,2,Primary risk drivers: Volatility and Market Sensitivity.,90.0,100.0,90.0,93.0,1,75.0,83.4
Aditya Birla SL Manufacturing Equity Fund,1000,1000,1.56,613.0,8,Anil Shah,2.43,-1.7,15.05,0.83,1.18,6,Aditya Birla Sun Life Mutual Fund,0,Equity,Sectoral / Thematic Mutual Funds,-2.9,21.7,6.8,24.358974358974358,58.333333333333336,69.23076923076923,61.53846153846154,47.56410256410257,Moderate,3,Primary risk drivers: Sharpe Risk and Downside Risk.,9.615384615384617,32.05128205128205,39.743589743589745,25.384615384615387,0,100.0,59.53846153846153
Aditya Birla SL Medium Term Plan – Direct Growth,1000,1000,0.86,1652.0,10,Sunaina da Cunha,2.29,9.65,10.73,1.12,0.93,4,Aditya Birla Sun Life Mutual Fund,5,Debt,Medium Duration Funds,22.1,14.5,8.6,100.0,91.66666666666666,41.66666666666667,8.333333333333332,68.33333333333333,High,4,Primary risk drivers: Volatility and Market Sensitivity.,100.0,66.66666666666666,100.0,90.0,1,75.0,84.5
Aditya Birla SL Midcap Fund,1000,1000,1.2,3436.0,10,Anil Shah,3.11,-0.81,16.52,0.89,1.54,6,Aditya Birla Sun Life Mutual Fund,1,Equity,Mid Cap Mutual Funds,-3.6,28.0,8.3,47.82608695652174,47.82608695652174,69.56521739130434,73.91304347826086,57.391304347826086,Moderate,3,Primary risk drivers: Downside Risk and Sharpe Risk.,34.78260869565217,34.78260869565217,30.434782608695656,33.47826086956522,0,100.0,67.0
Aditya Birla SL Money Manager Fund,1000,1000,0.21,13095.0,10,Mohit Sharma,4.58,3.06,0.68,1.31,1.94,3,Aditya Birla Sun Life Mutual Fund,4,Debt,Money Market Funds,5.6,5.6,6.4,82.35294117647058,73.52941176470588,23.52941176470588,47.05882352941176,61.764705882352935,High,4,Primary risk drivers: Volatility and Market Sensitivity.,94.11764705882352,82.35294117647058,58.82352941176471,80.0,1,75.0,80.32352941176471
Aditya Birla SL Nifty 50 Index Fund,1000,100,0.32,494.0,10,Lovelish Solanki,3.42,-0.87,16.65,0.99,1.29,6,Aditya Birla Sun Life Mutual Fund,3,Other,Index Funds,0.7,25.5,11.6,20.0,41.66666666666667,51.66666666666667,36.666666666666664,34.00000000000001,Low,2,Primary risk drivers: Sharpe Risk and Market Sensitivity.,33.33333333333333,51.66666666666667,66.66666666666666,48.83333333333333,1,75.0,58.81666666666666
Aditya Birla SL Overnight Fund,0,5000,0.07,13399.0,4,Kaustubh Gupta,0.11,0.58,0.35,0.43,0.02,1,Aditya Birla Sun Life Mutual Fund,3,Debt,Overnight Mutual Funds,5.4,3.9,,73.07692307692307,44.230769230769226,42.30769230769231,44.230769230769226,55.38461538461538,Moderate,3,Primary risk drivers: Volatility and Market Sensitivity.,57.692307692307686,61.53846153846154,59.61538461538461,59.42307692307692,0,100.0,79.36538461538461
Aditya Birla SL Pure Value Fund,1000,1000,1.12,3798.0,10,Kunal Sangoi,2.31,3.41,18.83,0.99,1.36,6,Aditya Birla Sun Life Mutual Fund,1,Equity,Value Funds,3.0,29.8,4.3,100.0,96.15384615384616,88.46153846153845,100.0,96.92307692307692,Very High,5,Primary risk drivers: Volatility and Downside Risk.,61.53846153846154,19.230769230769234,7.6923076923076925,32.69230769230769,2,50.0,47.11538461538461
Aditya Birla SL Regular Savings Fund,500,500,0.92,1585.0,10,Dhaval Shah,3.88,5.71,4.8,0.6,2.08,4,Aditya Birla Sun Life Mutual Fund,3,Hybrid,Conservative Hybrid Mutual Funds,3.6,13.9,7.6,76.47058823529412,44.11764705882353,17.647058823529413,29.411764705882355,48.82352941176471,Moderate,3,Primary risk drivers: Volatility and Market Sensitivity.,88.23529411764706,88.23529411764706,76.47058823529412,84.70588235294117,0,100.0,93.05882352941177
Aditya Birla SL Retirement-The 30s Plan-Dir Growth,500,1000,1.06,258.0,4,Dhaval Shah,2.41,-5.61,14.94,0.84,0.94,6,Aditya Birla Sun Life Mutual Fund,2,Solution Oriented,Retirement Funds,0.0,17.9,,85.0,75.0,70.0,55.00000000000001,74.0,High,4,Primary risk drivers: Volatility and Market Sensitivity.,65.0,35.0,50.0,51.5,1,75.0,65.95
Aditya Birla SL Retirement-The 40s Plan-Dir Growth,500,1000,1.07,91.0,4,Dhaval Shah,2.34,-3.14,11.86,0.77,0.93,6,Aditya Birla Sun Life Mutual Fund,2,Solution Oriented,Retirement Funds,-0.1,15.0,,55.00000000000001,45.0,75.0,60.0,58.0,Moderate,3,Primary risk drivers: Sharpe Risk and Downside Risk.,55.00000000000001,30.0,45.0,44.5,0,100.0,74.35000000000001
Aditya Birla SL Retirement-The 50s Plan-Dir Growth,500,1000,0.63,27.0,4,Dhaval Shah,0.29,-2.04,2.99,0.34,0.13,4,Aditya Birla Sun Life Mutual Fund,2,Solution Oriented,Retirement Funds,3.0,4.6,,15.0,5.0,100.0,95.0,46.0,Moderate,3,Primary risk drivers: Sharpe Risk and Downside Risk.,7.5,5.0,10.0,7.5,0,100.0,53.75
Aditya Birla SL Retirement-The 50sPlus-Debt-DirGrowth,500,1000,0.85,26.0,4,Dhaval Shah,0.22,0.09,2.19,1.09,0.18,3,Aditya Birla Sun Life Mutual Fund,1,Solution Oriented,Retirement Funds,2.9,4.6,,5.0,100.0,95.0,100.0,61.0,High,4,Primary risk drivers: Market Sensitivity and Downside Risk.,7.5,10.0,5.0,7.5,1,75.0,41.25
Aditya Birla SL Savings Fund,1000,1000,0.34,14457.0,10,Kaustubh Gupta,4.23,2.64,0.76,0.86,1.96,3,Aditya Birla Sun Life Mutual Fund,4,Debt,Ultra Short Duration Funds,5.5,5.8,6.5,91.30434782608695,39.130434782608695,17.391304347826086,30.434782608695656,53.913043478260875,Moderate,3,Primary risk drivers: Volatility and Market Sensitivity.,82.6086956521739,86.95652173913044,73.91304347826086,81.30434782608694,0,100.0,90.91304347826086
Aditya Birla SL Short Term Fund,1000,1000,0.38,5045.0,10,Kaustubh Gupta,3.7,4.91,2.05,1.27,1.57,3,Aditya Birla Sun Life Mutual Fund,4,Debt,Short Duration Funds,5.5,7.8,7.6,80.95238095238095,23.809523809523807,9.523809523809524,14.285714285714285,41.9047619047619,Moderate,3,Primary risk drivers: Volatility and Market Sensitivity.,85.71428571428571,95.23809523809523,90.47619047619048,89.99999999999999,0,100.0,94.14285714285714
Aditya Birla SL Small Cap Fund,1000,1000,1.04,2901.0,10,Vishal Gajwani,3.11,-0.73,19.36,0.89,1.51,6,Aditya Birla Sun Life Mutual Fund,1,Equity,Small Cap Mutual Funds,-2.3,31.6,5.4,88.0,86.0,96.0,96.0,90.80000000000001,Very High,5,Primary risk drivers: Sharpe Risk and Downside Risk.,8.0,8.0,8.0,8.0,2,50.0,29.0
Aditya Birla SL Tax Relief ’96 – Direct Growth,500,500,0.93,12755.0,10,Atul Penkar,1.94,-7.68,15.31,0.87,0.83,6,Aditya Birla Sun Life Mutual Fund,1,Equity,ELSS Mutual Funds,-3.0,16.1,5.8,23.52941176470588,31.372549019607842,96.07843137254902,96.07843137254902,54.117647058823536,Moderate,3,Primary risk drivers: Sharpe Risk and Downside Risk.,3.9215686274509802,5.88235294117647,5.88235294117647,5.098039215686274,0,100.0,52.31372549019608
AXIS All Seasons Debt Fund,1000,5000,0.22,161.0,3,R Sivakumar,1.77,1.88,2.06,0.8,1.02,4,Axis Mutual Fund,4,Other,FoFs Domestic,4.7,6.2,,5.88235294117647,48.529411764705884,58.82352941176471,58.82352941176471,35.58823529411765,Low,2,Primary risk drivers: Sharpe Risk and Downside Risk.,2.941176470588235,44.11764705882353,44.11764705882353,27.64705882352941,1,75.0,46.38235294117647
AXIS Arbitrage Fund,1000,500,0.31,3085.0,9,Ashish Naik,1.47,1.41,0.68,0.44,1.21,1,Axis Mutual Fund,4,Hybrid,Arbitrage Mutual Funds,5.6,4.9,5.6,20.454545454545457,18.181818181818183,27.27272727272727,27.27272727272727,22.727272727272727,Low,2,Primary risk drivers: Sharpe Risk and Downside Risk.,81.81818181818183,77.27272727272727,77.27272727272727,79.0909090909091,1,75.0,77.5909090909091
AXIS Balanced Advantage Fund,1000,500,0.7,2077.0,6,Anupam Tiwari,2.26,-1.23,8.09,0.53,1.05,6,Axis Mutual Fund,2,Hybrid,Dynamic Asset Allocation or Balanced Advantage,1.2,12.4,8.0,26.31578947368421,26.31578947368421,78.94736842105263,89.47368421052632,49.473684210526315,Moderate,3,Primary risk drivers: Downside Risk and Sharpe Risk.,31.57894736842105,26.31578947368421,15.789473684210526,25.263157894736842,0,100.0,63.89473684210527
AXIS Banking & PSU Debt Fund,1000,5000,0.33,13953.0,10,Aditya Pagaria,2.78,3.83,1.5,1.62,1.11,3,Axis Mutual Fund,4,Debt,Banking and PSU Mutual Funds,4.5,6.4,7.2,11.76470588235294,32.35294117647059,11.76470588235294,11.76470588235294,15.882352941176471,Very Low,1,Primary risk drivers: Market Sensitivity and Volatility.,47.05882352941176,94.11764705882352,94.11764705882352,75.29411764705881,2,50.0,56.99999999999999
AXIS Bluechip Fund,500,500,0.63,33049.0,10,Shreyash Devalkar,1.81,-5.97,15.76,0.89,0.9,6,Axis Mutual Fund,4,Equity,Large Cap Mutual Funds,-6.1,17.3,12.1,46.42857142857143,21.428571428571427,100.0,96.42857142857143,62.14285714285715,High,4,Primary risk drivers: Sharpe Risk and Downside Risk.,3.7037037037037033,3.571428571428571,7.142857142857142,4.695767195767196,1,75.0,39.6494708994709
AXIS Children’s Gift Fund,1000,5000,1.06,685.0,7,Ashish Naik,2.34,-1.6,12.97,0.86,1.1,6,Axis Mutual Fund,0,Solution Oriented,Childrens Funds,-6.5,17.8,10.1,50.0,62.5,62.5,87.5,62.5,High,4,Primary risk drivers: Downside Risk and Market Sensitivity.,50.0,50.0,25.0,42.5,1,75.0,60.25
AXIS Corporate Debt Fund,1000,5000,0.22,3783.0,6,Devang Shah,2.88,2.46,2.06,0.67,1.28,3,Axis Mutual Fund,5,Debt,Corporate Bond Mutual Funds,4.9,7.5,7.3,63.888888888888886,36.11111111111111,22.22222222222222,16.666666666666664,40.55555555555556,Moderate,3,Primary risk drivers: Volatility and Market Sensitivity.,94.44444444444444,83.33333333333334,88.88888888888889,89.44444444444446,0,100.0,95.72222222222223
AXIS Credit Risk Fund,1000,5000,0.81,620.0,9,Devang Shah,1.97,3.22,1.62,0.26,1.77,4,Axis Mutual Fund,4,Debt,Credit Risk Funds,5.4,7.4,6.8,14.285714285714285,75.0,14.285714285714285,42.857142857142854,32.142857142857146,Low,2,Primary risk drivers: Market Sensitivity and Downside Risk.,42.857142857142854,92.85714285714286,64.28571428571429,64.28571428571429,1,75.0,65.35714285714286
AXIS Dynamic Bond Fund,1000,5000,0.26,1733.0,10,R Sivakumar,0.61,1.2,3.83,1.84,0.45,3,Axis Mutual Fund,2,Debt,Dynamic Bond,3.4,6.5,7.7,90.47619047619048,95.23809523809523,66.66666666666666,61.904761904761905,80.95238095238095,Very High,5,Primary risk drivers: Market Sensitivity and Volatility.,71.42857142857143,38.095238095238095,42.857142857142854,52.857142857142854,2,50.0,55.14285714285714
AXIS Equity Hybrid Fund,1000,500,0.89,1699.0,5,Ashish Naik,2.37,-1.88,13.0,0.87,1.09,6,Axis Mutual Fund,2,Hybrid,Aggressive Hybrid Mutual Funds,-4.9,17.4,,83.33333333333334,93.33333333333333,96.66666666666667,96.66666666666667,90.66666666666669,Very High,5,Primary risk drivers: Sharpe Risk and Downside Risk.,8.333333333333332,6.666666666666667,6.666666666666667,7.333333333333333,2,50.0,28.866666666666667
AXIS Equity Saver Fund,1000,500,0.88,978.0,8,R Sivakumar,2.39,0.66,7.52,1.16,1.19,4,Axis Mutual Fund,3,Hybrid,Equity Savings Mutual Funds,1.4,12.7,8.8,95.23809523809523,95.23809523809523,80.95238095238095,95.23809523809523,92.38095238095238,Very High,5,Primary risk drivers: Volatility and Market Sensitivity.,50.0,23.809523809523807,9.523809523809524,30.0,2,50.0,44.0
AXIS Flexi Cap Fund,500,500,0.7,10077.0,5,Shreyash Devalkar,1.77,-5.98,16.19,0.89,0.92,6,Axis Mutual Fund,4,Equity,Flexi Cap Funds,-8.3,17.9,12.3,54.54545454545454,43.18181818181818,95.45454545454545,95.45454545454545,68.63636363636364,High,4,Primary risk drivers: Sharpe Risk and Downside Risk.,9.090909090909092,9.090909090909092,9.090909090909092,9.090909090909092,1,75.0,42.04545454545455
AXIS Focused 25 Fund,500,500,0.74,15139.0,10,Jinesh Gopani,1.44,-10.67,18.84,1.04,0.74,6,Axis Mutual Fund,2,Equity,Focused Funds,-14.7,14.8,8.9,94.73684210526315,94.73684210526315,100.0,100.0,96.84210526315789,Very High,5,Primary risk drivers: Sharpe Risk and Downside Risk.,5.263157894736842,5.263157894736842,5.263157894736842,5.263157894736842,2,50.0,27.63157894736842
AXIS Gilt Fund,1000,5000,0.39,133.0,10,Devang Shah,1.15,1.09,2.87,0.56,0.6,3,Axis Mutual Fund,4,Debt,Gilt Mutual Funds,4.0,5.9,7.9,57.89473684210527,42.10526315789473,36.84210526315789,15.789473684210526,42.10526315789473,Moderate,3,Primary risk drivers: Volatility and Market Sensitivity.,65.78947368421053,68.42105263157895,89.47368421052632,73.6842105263158,0,100.0,85.26315789473685
AXIS Gold Fund,1000,5000,0.17,290.0,10,Aditya Pagaria,1.07,-0.04,13.9,0.97,0.49,5,Axis Mutual Fund,4,Other,FoFs Domestic,14.5,12.0,13.7,67.64705882352942,70.58823529411765,72.05882352941177,75.0,70.58823529411765,High,4,Primary risk drivers: Downside Risk and Sharpe Risk.,32.35294117647059,30.88235294117647,27.941176470588236,30.588235294117645,1,75.0,53.147058823529406
AXIS Growth Opportunities Fund,1000,500,0.59,8053.0,4,Jinesh Gopani,2.64,1.19,17.3,0.91,1.28,6,Axis Mutual Fund,3,Equity,Large & Mid Cap Funds,-6.4,26.5,,83.33333333333334,54.166666666666664,95.83333333333334,91.66666666666666,81.66666666666667,Very High,5,Primary risk drivers: Sharpe Risk and Downside Risk.,29.166666666666668,8.333333333333332,12.5,17.916666666666668,2,50.0,36.208333333333336
AXIS Liquid Fund,0,500,0.15,27226.0,10,Devang Shah,4.54,1.41,0.38,0.78,0.96,2,Axis Mutual Fund,4,Debt,Liquid Mutual Funds,5.7,4.3,5.4,63.63636363636363,84.84848484848484,39.39393939393939,36.36363636363637,57.57575757575757,Moderate,3,Primary risk drivers: Market Sensitivity and Volatility.,48.484848484848484,63.63636363636363,66.66666666666666,58.484848484848484,0,100.0,77.24242424242425
AXIS Long Term Equity Fund,500,500,0.85,28754.0,10,Jinesh Gopani,1.45,-9.98,18.65,1.02,0.75,6,Axis Mutual Fund,2,Equity,ELSS Mutual Funds,-11.1,15.7,9.4,90.19607843137256,98.0392156862745,98.0392156862745,98.0392156862745,94.90196078431374,Very High,5,Primary risk drivers: Market Sensitivity and Sharpe Risk.,1.9607843137254901,3.9215686274509802,3.9215686274509802,3.137254901960784,2,50.0,26.333333333333332
AXIS Midcap Fund,500,500,0.57,18920.0,10,Shreyash Devalkar,2.98,-2.25,15.37,0.81,1.4,6,Axis Mutual Fund,5,Equity,Mid Cap Mutual Funds,-2.5,25.2,15.8,13.043478260869565,13.043478260869565,82.6086956521739,86.95652173913044,41.73913043478261,Moderate,3,Primary risk drivers: Downside Risk and Sharpe Risk.,13.043478260869565,21.73913043478261,17.391304347826086,16.956521739130434,0,100.0,57.69565217391305
AXIS Money Market Fund,1000,5000,0.21,4002.0,4,Devang Shah,4.81,2.81,0.62,1.22,1.91,2,Axis Mutual Fund,4,Debt,Money Market Funds,5.6,5.4,,58.82352941176471,52.94117647058824,47.05882352941176,35.294117647058826,50.58823529411766,Moderate,3,Primary risk drivers: Volatility and Market Sensitivity.,79.41176470588235,58.82352941176471,70.58823529411765,70.58823529411765,0,100.0,87.05882352941177
AXIS Nifty 100 Index Fund,1000,500,0.15,953.0,3,Ashish Naik,2.93,-1.76,16.66,0.99,1.24,6,Axis Mutual Fund,3,Other,Index Funds,-1.7,25.1,,25.0,41.66666666666667,76.66666666666667,73.33333333333333,48.333333333333336,Moderate,3,Primary risk drivers: Sharpe Risk and Downside Risk.,25.0,26.666666666666668,30.0,27.0,0,100.0,63.1
AXIS Overnight Fund,0,500,0.05,12566.0,4,Aditya Pagaria,0.49,0.62,0.35,0.44,0.09,1,Axis Mutual Fund,4,Debt,Overnight Mutual Funds,5.4,3.9,,73.07692307692307,57.692307692307686,26.923076923076923,26.923076923076923,51.53846153846154,Moderate,3,Primary risk drivers: Volatility and Market Sensitivity.,57.692307692307686,76.92307692307693,76.92307692307693,69.23076923076924,0,100.0,82.3076923076923
AXIS Regular Saver Fund,1000,500,0.86,407.0,10,Devang Shah,2.42,1.34,4.69,0.71,1.37,4,Axis Mutual Fund,3,Hybrid,Conservative Hybrid Mutual Funds,1.8,10.9,7.0,58.82352941176471,88.23529411764706,70.58823529411765,88.23529411764706,72.94117647058823,High,4,Primary risk drivers: Market Sensitivity and Downside Risk.,47.05882352941176,35.294117647058826,17.647058823529413,34.70588235294118,1,75.0,57.32352941176471
AXIS Retirement Savings Fund,1000,5000,0.6,270.0,3,Jinesh Gopani,1.58,-4.95,13.43,0.85,0.79,6,Axis Mutual Fund,2,Solution Oriented,Retirement Funds,-1.3,13.6,,75.0,82.5,80.0,80.0,78.5,High,4,Primary risk drivers: Market Sensitivity and Sharpe Risk.,45.0,25.0,25.0,33.0,1,75.0,56.4
AXIS Retirement Savings Fund,1000,5000,0.41,81.0,3,Jinesh Gopani,1.84,-0.04,5.69,0.83,1.04,5,Axis Mutual Fund,2,Solution Oriented,Retirement Funds,-2.5,10.3,,40.0,70.0,62.5,75.0,57.5,Moderate,3,Primary risk drivers: Downside Risk and Market Sensitivity.,37.5,42.5,30.0,36.75,0,100.0,68.525
AXIS Retirement Savings Fund,1000,5000,0.65,633.0,3,Jinesh Gopani,1.56,-4.49,13.03,0.78,0.76,6,Axis Mutual Fund,1,Solution Oriented,Retirement Funds,-4.1,14.0,,70.0,52.5,87.5,85.0,73.0,High,4,Primary risk drivers: Sharpe Risk and Downside Risk.,50.0,17.5,20.0,31.25,1,75.0,56.875
AXIS Short Term Fund,1000,5000,0.3,7096.0,10,Devang Shah,2.78,4.6,1.61,1.78,1.38,3,Axis Mutual Fund,4,Debt,Short Duration Funds,4.9,6.9,7.4,30.952380952380953,47.61904761904761,19.047619047619047,23.809523809523807,30.476190476190478,Low,2,Primary risk drivers: Market Sensitivity and Volatility.,71.42857142857143,85.71428571428571,80.95238095238095,78.57142857142857,1,75.0,75.35714285714286
AXIS Small Cap Fund,500,500,0.54,11462.0,9,Anupam Tiwari,3.9,8.34,14.71,0.66,2.06,6,Axis Mutual Fund,5,Equity,Small Cap Mutual Funds,3.4,34.5,19.4,4.0,4.0,22.0,64.0,19.6,Very Low,1,Primary risk drivers: Downside Risk and Sharpe Risk.,12.0,82.0,40.0,41.4,2,50.0,39.82
AXIS Strategic Bond Fund,1000,5000,0.39,1644.0,10,Devang Shah,2.27,2.56,1.89,0.7,1.46,4,Axis Mutual Fund,4,Debt,Medium Duration Funds,5.2,7.4,7.4,8.333333333333332,33.33333333333333,8.333333333333332,16.666666666666664,15.0,Very Low,1,Primary risk drivers: Market Sensitivity and Downside Risk.,75.0,100.0,91.66666666666666,87.5,2,50.0,66.25
AXIS Treasury Advantage Fund,1000,5000,0.29,4614.0,10,Devang Shah,3.73,3.09,0.87,1.17,1.75,2,Axis Mutual Fund,4,Debt,Low Duration Funds,5.3,5.9,6.6,32.5,65.0,15.0,30.0,35.0,Low,2,Primary risk drivers: Market Sensitivity and Volatility.,57.49999999999999,90.0,75.0,72.5,1,75.0,70.75
AXIS Triple Advantage Fund,1000,500,0.72,1478.0,10,R Sivakumar,2.35,-2.21,13.44,0.91,1.08,6,Axis Mutual Fund,2,Hybrid,Multi Asset Allocation Mutual Funds,-5.1,18.1,10.4,57.14285714285714,100.0,100.0,100.0,82.85714285714286,Very High,5,Primary risk drivers: Market Sensitivity and Sharpe Risk.,42.857142857142854,14.285714285714285,14.285714285714285,25.71428571428571,2,50.0,41.285714285714285
AXIS Ultra Short Term Fund,1000,5000,0.31,4491.0,5,Aditya Pagaria,4.47,2.29,0.53,0.81,2.25,3,Axis Mutual Fund,4,Debt,Ultra Short Duration Funds,5.7,5.4,,43.47826086956522,34.78260869565217,8.695652173913043,17.391304347826086,29.56521739130435,Low,2,Primary risk drivers: Volatility and Market Sensitivity.,73.91304347826086,95.65217391304348,86.95652173913044,84.34782608695652,1,75.0,77.58695652173913
Bandhan Asset Allocation FoF – Moderate – Direct Growth,100,1000,0.42,16.0,10,Sachin Relekar,2.27,0.73,6.59,0.43,1.31,5,Bandhan Mutual Fund,0,Other,FoFs Domestic,1.3,12.7,6.9,17.647058823529413,17.647058823529413,51.470588235294116,52.94117647058824,31.47058823529412,Low,2,Primary risk drivers: Downside Risk and Sharpe Risk.,50.0,51.470588235294116,50.0,50.44117647058823,1,75.0,62.63235294117647
Bandhan FTP – Sr.179,0,5000,0.05,286.0,4,Harshal Joshi,0.9,9.78,3.98,5.4,0.64,3,Bandhan Mutual Fund,0,Debt,Fixed Maturity Plans,4.4,6.2,,100.0,100.0,100.0,100.0,100.0,Very High,5,Primary risk drivers: Volatility and Market Sensitivity.,75.0,50.0,50.0,60.0,2,50.0,58.0
Bank of India Arbitrage Fund,1000,5000,0.98,12.0,5,Alok Singh,-1.14,0.24,0.6,0.52,-0.78,1,Bank of India Mutual Fund,1,Hybrid,Arbitrage Mutual Funds,4.2,3.4,,4.545454545454546,36.36363636363637,95.45454545454545,100.0,48.18181818181818,Moderate,3,Primary risk drivers: Downside Risk and Sharpe Risk.,18.181818181818183,9.090909090909092,4.545454545454546,11.363636363636363,0,100.0,57.04545454545455
Bank of India Balanced Advantage Fund,1000,5000,2.07,90.0,9,Alok Singh,1.81,-1.05,11.04,0.54,0.81,6,Bank of India Mutual Fund,2,Hybrid,Dynamic Asset Allocation or Balanced Advantage,13.6,12.1,5.1,89.47368421052632,39.473684210526315,94.73684210526315,94.73684210526315,81.57894736842105,Very High,5,Primary risk drivers: Sharpe Risk and Downside Risk.,15.789473684210526,10.526315789473683,10.526315789473683,12.63157894736842,2,50.0,31.947368421052634
Bank of India Conservative Hybrid Fund,1000,10000,2.2,63.0,10,Alok Singh,4.71,6.44,11.85,0.64,0.93,3,Bank of India Mutual Fund,4,Hybrid,Conservative Hybrid Mutual Funds,22.3,15.5,6.4,100.0,70.58823529411765,94.11764705882352,5.88235294117647,74.11764705882352,High,4,Primary risk drivers: Volatility and Sharpe Risk.,100.0,11.76470588235294,100.0,73.52941176470588,1,75.0,79.55882352941177
Bank of India Credit Risk Fund,0,5000,1.54,161.0,8,Alok Singh,0.91,-13.36,77.72,-31.86,0.38,4,Bank of India Mutual Fund,5,Debt,Credit Risk Funds,130.8,12.8,-4.1,100.0,7.142857142857142,92.85714285714286,78.57142857142857,75.71428571428572,High,4,Primary risk drivers: Volatility and Sharpe Risk.,100.0,14.285714285714285,28.57142857142857,52.857142857142854,1,75.0,73.35714285714286
Bank of India Large & Mid Cap Equity Fund,1000,5000,1.89,204.0,10,Nitin Gosar,2.66,1.7,15.55,0.88,1.4,6,Bank of India Mutual Fund,2,Equity,Large & Mid Cap Funds,2.7,25.6,9.5,20.833333333333336,29.166666666666668,79.16666666666666,87.5,47.5,Moderate,3,Primary risk drivers: Downside Risk and Sharpe Risk.,22.916666666666664,25.0,16.666666666666664,21.666666666666664,0,100.0,61.083333333333336
Bank of India Liquid Fund,0,5000,0.18,403.0,10,Mithraem Bharucha,4.06,1.38,0.38,0.76,0.92,2,Bank of India Mutual Fund,4,Debt,Liquid Mutual Funds,5.7,4.3,5.3,63.63636363636363,66.66666666666666,51.515151515151516,66.66666666666666,62.42424242424242,High,4,Primary risk drivers: Market Sensitivity and Downside Risk.,48.484848484848484,51.515151515151516,36.36363636363637,45.75757575757575,1,75.0,60.92424242424242
Bank of India Manufacturing & Infrastr Fund,1000,5000,1.55,87.0,10,Nitin Gosar,3.23,12.2,16.3,0.54,1.8,6,Bank of India Mutual Fund,4,Equity,Sectoral / Thematic Mutual Funds,7.6,35.4,11.5,32.69230769230769,6.41025641025641,5.769230769230769,34.61538461538461,22.435897435897438,Low,2,Primary risk drivers: Downside Risk and Volatility.,82.05128205128204,95.51282051282051,66.66666666666666,81.47435897435896,1,75.0,78.3525641025641
Bank of India Mid & Small Cap Equity & Debt Fund,1000,5000,1.92,380.0,7,Alok Singh,2.56,10.87,15.51,0.75,1.59,6,Bank of India Mutual Fund,4,Hybrid,Aggressive Hybrid Mutual Funds,-0.3,29.3,10.4,96.66666666666667,10.0,30.0,83.33333333333334,63.33333333333334,High,4,Primary risk drivers: Volatility and Downside Risk.,83.33333333333334,73.33333333333333,20.0,61.33333333333333,1,75.0,72.56666666666666
Bank of India Midcap Tax Fund,0,500,0.95,51.0,5,Dhruv Bhatia,2.64,3.13,17.03,0.87,1.38,6,Bank of India Mutual Fund,0,Equity,ELSS Mutual Funds,-4.1,27.1,10.6,84.31372549019608,31.372549019607842,64.70588235294117,82.35294117647058,69.41176470588235,High,4,Primary risk drivers: Volatility and Downside Risk.,42.15686274509804,37.254901960784316,19.607843137254903,33.92156862745098,1,75.0,56.107843137254896
Bank of India Midcap Tax Fund,0,500,0.56,26.0,4,Dhruv Bhatia,2.65,2.58,16.94,0.87,1.36,6,Bank of India Mutual Fund,0,Equity,ELSS Mutual Funds,-4.7,26.0,,82.35294117647058,31.372549019607842,69.6078431372549,80.3921568627451,69.2156862745098,High,4,Primary risk drivers: Volatility and Downside Risk.,31.372549019607842,32.35294117647059,21.568627450980394,28.725490196078432,1,75.0,52.3921568627451
Bank of India Overnight Fund,0,5000,0.17,82.0,3,Mithraem Bharucha,1.92,0.76,0.34,0.47,0.39,1,Bank of India Mutual Fund,5,Debt,Overnight Mutual Funds,5.5,4.0,,30.76923076923077,92.3076923076923,3.8461538461538463,3.8461538461538463,32.307692307692314,Low,2,Primary risk drivers: Market Sensitivity and Volatility.,96.15384615384616,100.0,100.0,98.46153846153847,1,75.0,86.26923076923077
Bank of India Short Term Income – Direct Growth,1000,5000,0.98,72.0,10,Mithraem Bharucha,0.76,3.58,11.44,-0.99,0.43,2,Bank of India Mutual Fund,5,Debt,Short Duration Funds,28.3,8.8,4.0,100.0,9.523809523809524,100.0,100.0,81.9047619047619,Very High,5,Primary risk drivers: Volatility and Sharpe Risk.,95.23809523809523,4.761904761904762,4.761904761904762,40.952380952380956,2,50.0,56.33333333333333
Bank of India Small Cap Fund,1000,5000,1.52,414.0,4,Dhruv Bhatia,4.16,8.58,18.44,0.81,1.93,6,Bank of India Mutual Fund,4,Equity,Small Cap Mutual Funds,-1.0,47.7,,60.0,38.0,54.0,38.0,50.00000000000001,Moderate,3,Primary risk drivers: Volatility and Sharpe Risk.,92.0,50.0,66.0,71.60000000000001,0,100.0,89.88000000000001
Bank of India Tax Advantage Fund,500,500,1.31,676.0,10,Alok Singh,2.88,3.48,16.3,0.89,1.5,6,Bank of India Mutual Fund,4,Equity,ELSS Mutual Funds,0.9,29.0,13.2,68.62745098039215,47.05882352941176,45.09803921568628,74.50980392156863,60.78431372549021,High,4,Primary risk drivers: Downside Risk and Volatility.,58.82352941176471,56.86274509803921,27.450980392156865,48.82352941176471,1,75.0,63.911764705882355
Bank of India Ultra Short Duration Fund,1000,5000,0.36,118.0,10,Mithraem Bharucha,2.16,2.06,0.52,1.12,1.07,3,Bank of India Mutual Fund,2,Debt,Ultra Short Duration Funds,5.2,4.7,5.7,32.608695652173914,76.08695652173914,78.26086956521739,82.6086956521739,60.434782608695656,High,4,Primary risk drivers: Downside Risk and Sharpe Risk.,23.91304347826087,26.08695652173913,21.73913043478261,23.913043478260867,1,75.0,49.45652173913043
Baroda BNP Paribas Aggressive Hybrid Fund,300,5000,0.61,772.0,6,Jitendra Sriram,2.79,1.88,11.77,0.79,1.39,6,Baroda BNP Paribas Mutual Fund,5,Hybrid,Aggressive Hybrid Mutual Funds,3.5,20.6,13.3,33.33333333333333,35.0,56.666666666666664,51.66666666666667,42.0,Moderate,3,Primary risk drivers: Sharpe Risk and Downside Risk.,45.0,46.666666666666664,51.66666666666667,47.5,0,100.0,73.25
Baroda BNP Paribas Arbitrage Fund,300,5000,0.49,354.0,6,Neeraj Saxena,0.99,1.39,0.71,0.59,0.85,1,Baroda BNP Paribas Mutual Fund,3,Hybrid,Arbitrage Mutual Funds,5.2,4.6,5.6,52.27272727272727,63.63636363636363,50.0,56.81818181818182,55.00000000000001,Moderate,3,Primary risk drivers: Market Sensitivity and Downside Risk.,52.27272727272727,54.54545454545454,47.72727272727273,51.590909090909086,0,100.0,75.93181818181817
Baroda BNP Paribas Balanced Advantage Fund,500,5000,0.64,3123.0,4,Sanjay Chawla,3.41,2.61,10.57,0.7,1.46,6,Baroda BNP Paribas Mutual Fund,4,Hybrid,Dynamic Asset Allocation or Balanced Advantage,3.7,19.8,,84.21052631578947,94.73684210526315,42.10526315789473,36.84210526315789,68.42105263157895,High,4,Primary risk drivers: Market Sensitivity and Volatility.,94.73684210526315,63.1578947368421,68.42105263157895,77.36842105263158,1,75.0,79.65789473684211
Baroda BNP Paribas Banking&Fin Serv Fund,500,5000,1.63,69.0,10,Miten Vora,1.77,-2.87,22.87,0.89,0.82,6,Baroda BNP Paribas Mutual Fund,2,Equity,Sectoral / Thematic Mutual Funds,6.6,19.2,9.1,89.74358974358975,76.28205128205127,98.71794871794873,97.43589743589743,90.3846153846154,Very High,5,Primary risk drivers: Sharpe Risk and Downside Risk.,5.128205128205128,2.564102564102564,3.8461538461538463,3.974358974358974,2,50.0,27.21794871794872
Baroda BNP Paribas Conservative Hybrid Fund,300,1000,0.78,501.0,10,Pratish Krishnan,2.74,0.64,3.7,0.58,1.29,4,Baroda BNP Paribas Mutual Fund,4,Hybrid,Conservative Hybrid Mutual Funds,3.7,9.2,7.7,23.52941176470588,29.411764705882355,82.35294117647058,70.58823529411765,45.88235294117647,Moderate,3,Primary risk drivers: Sharpe Risk and Downside Risk.,17.647058823529413,23.52941176470588,35.294117647058826,24.705882352941174,0,100.0,60.94117647058823
Baroda BNP Paribas Corporate Bond Fund,300,5000,0.32,17.0,10,Mayank Prakash,0.63,0.69,2.22,0.9,0.43,2,Baroda BNP Paribas Mutual Fund,2,Debt,Corporate Bond Mutual Funds,2.8,5.6,4.4,88.88888888888889,83.33333333333334,94.44444444444444,88.88888888888889,88.88888888888889,Very High,5,Primary risk drivers: Sharpe Risk and Volatility.,8.333333333333332,11.11111111111111,16.666666666666664,11.666666666666664,2,50.0,30.166666666666668
Baroda BNP Paribas Credit Risk Fund,500,5000,0.78,179.0,8,Prashant Pimple,1.9,1.72,5.8,-3.29,1.06,4,Baroda BNP Paribas Mutual Fund,5,Debt,Credit Risk Funds,5.7,10.9,7.6,78.57142857142857,14.285714285714285,50.0,50.0,54.285714285714285,Moderate,3,Primary risk drivers: Volatility and Sharpe Risk.,85.71428571428571,57.14285714285714,57.14285714285714,68.57142857142857,0,100.0,87.71428571428571
Baroda BNP Paribas Dynamic Bond Fund,300,1000,0.71,115.0,10,Mayank Prakash,0.56,0.91,2.65,1.36,0.49,3,Baroda BNP Paribas Mutual Fund,2,Debt,Dynamic Bond,5.2,5.7,6.6,61.904761904761905,83.33333333333334,57.14285714285714,66.66666666666666,66.19047619047619,High,4,Primary risk drivers: Market Sensitivity and Downside Risk.,45.23809523809524,47.61904761904761,38.095238095238095,43.80952380952381,1,75.0,59.69047619047619
Baroda BNP Paribas ELSS Fund,500,500,1.12,651.0,10,Sanjay Chawla,2.92,-0.94,14.42,0.83,1.29,6,Baroda BNP Paribas Mutual Fund,3,Equity,ELSS Mutual Funds,-2.4,20.4,10.5,9.803921568627452,13.725490196078432,82.35294117647058,72.54901960784314,37.64705882352941,Low,2,Primary risk drivers: Sharpe Risk and Downside Risk.,7.8431372549019605,19.607843137254903,29.411764705882355,17.84313725490196,1,75.0,44.42156862745098
Baroda BNP Paribas Equity Savings Fund,500,5000,1.45,250.0,4,Pratish Krishnan,2.42,0.25,4.91,0.73,1.12,4,Baroda BNP Paribas Mutual Fund,3,Hybrid,Equity Savings Mutual Funds,3.7,9.8,,14.285714285714285,14.285714285714285,90.47619047619048,90.47619047619048,44.76190476190477,Moderate,3,Primary risk drivers: Sharpe Risk and Downside Risk.,9.523809523809524,14.285714285714285,14.285714285714285,12.38095238095238,0,100.0,55.61904761904762
Baroda BNP Paribas Focused Fund,300,5000,0.67,299.0,5,Sanjay Chawla,2.96,-1.21,14.73,0.85,1.27,6,Baroda BNP Paribas Mutual Fund,3,Equity,Focused Funds,0.5,23.1,9.9,5.263157894736842,15.789473684210526,63.1578947368421,63.1578947368421,30.526315789473685,Low,2,Primary risk drivers: Sharpe Risk and Downside Risk.,31.57894736842105,42.10526315789473,42.10526315789473,37.89473684210526,1,75.0,55.18421052631579
Baroda BNP Paribas Gilt Fund,500,5000,0.14,138.0,10,Mayank Prakash,0.34,0.07,2.89,0.66,0.28,3,Baroda BNP Paribas Mutual Fund,2,Debt,Gilt Mutual Funds,3.7,4.9,6.8,63.1578947368421,71.05263157894737,84.21052631578947,84.21052631578947,73.1578947368421,High,4,Primary risk drivers: Sharpe Risk and Downside Risk.,26.31578947368421,21.052631578947366,21.052631578947366,23.157894736842103,1,75.0,49.71052631578947
Baroda BNP Paribas India Consumption Fund,300,5000,0.81,880.0,5,Shiv Chanani,3.08,2.41,13.62,0.71,1.38,6,Baroda BNP Paribas Mutual Fund,3,Equity,Sectoral / Thematic Mutual Funds,5.2,23.3,,7.6923076923076925,30.76923076923077,50.641025641025635,41.02564102564102,27.564102564102562,Low,2,Primary risk drivers: Sharpe Risk and Downside Risk.,25.64102564102564,50.641025641025635,60.256410256410255,43.52564102564102,1,75.0,55.68589743589743
Baroda BNP Paribas Large Cap Fund,300,5000,0.94,1347.0,10,Jitendra Sriram,2.71,-0.18,14.57,0.86,1.32,6,Baroda BNP Paribas Mutual Fund,4,Equity,Large Cap Mutual Funds,3.0,23.5,12.8,7.142857142857142,10.714285714285714,46.42857142857143,73.21428571428571,28.92857142857143,Low,2,Primary risk drivers: Downside Risk and Sharpe Risk.,29.629629629629626,57.14285714285714,30.357142857142854,38.10185185185185,1,75.0,54.85648148148148
Baroda BNP Paribas Liquid Fund,500,5000,0.19,6686.0,10,Vikram Pamnani,4.11,1.32,0.38,0.72,0.93,2,Baroda BNP Paribas Mutual Fund,5,Debt,Liquid Mutual Funds,5.7,4.4,5.4,63.63636363636363,34.84848484848485,46.96969696969697,60.60606060606061,53.93939393939394,Moderate,3,Primary risk drivers: Volatility and Downside Risk.,80.3030303030303,56.060606060606055,42.42424242424242,61.666666666666664,0,100.0,84.56060606060606
Baroda BNP Paribas Low Duration Fund,300,5000,0.39,175.0,10,Mayank Prakash,2.55,3.17,0.96,1.28,1.51,3,Baroda BNP Paribas Mutual Fund,3,Debt,Low Duration Funds,5.0,6.0,6.5,45.0,82.5,45.0,85.0,60.5,High,4,Primary risk drivers: Downside Risk and Market Sensitivity.,65.0,60.0,20.0,50.0,1,75.0,65.5
Baroda BNP Paribas Medium Duration Fund,300,5000,0.69,37.0,9,Mayank Prakash,0.42,0.42,2.34,1.16,0.32,3,Baroda BNP Paribas Mutual Fund,2,Debt,Medium Duration Funds,3.9,5.0,3.5,41.66666666666667,100.0,91.66666666666666,91.66666666666666,73.33333333333333,High,4,Primary risk drivers: Market Sensitivity and Sharpe Risk.,12.5,16.666666666666664,16.666666666666664,15.0,1,75.0,44.5
Baroda BNP Paribas Mid Cap Fund,300,5000,0.59,1192.0,10,Shiv Chanani,3.35,1.31,15.92,0.86,1.67,6,Baroda BNP Paribas Mutual Fund,3,Equity,Mid Cap Mutual Funds,2.4,30.6,13.6,21.73913043478261,26.08695652173913,43.47826086956522,52.17391304347826,33.04347826086956,Low,2,Primary risk drivers: Downside Risk and Sharpe Risk.,43.47826086956522,60.86956521739131,52.17391304347826,51.30434782608696,1,75.0,61.58695652173913
Baroda BNP Paribas Money Market Fund,500,5000,0.2,111.0,4,Vikram Pamnani,0.91,1.72,0.46,1.15,0.38,2,Baroda BNP Paribas Mutual Fund,2,Debt,Money Market Funds,5.0,4.1,,11.76470588235294,17.647058823529413,100.0,100.0,48.23529411764706,Moderate,3,Primary risk drivers: Sharpe Risk and Downside Risk.,5.88235294117647,5.88235294117647,5.88235294117647,5.88235294117647,0,100.0,52.94117647058824
Baroda BNP Paribas Multi Cap Fund,500,5000,1.1,1628.0,10,Sanjay Chawla,3.05,2.11,16.27,0.9,1.44,6,Baroda BNP Paribas Mutual Fund,2,Equity,Multi Cap Funds,-1.7,28.8,12.3,40.0,15.0,70.0,80.0,49.0,Moderate,3,Primary risk drivers: Downside Risk and Sharpe Risk.,50.0,40.0,30.0,41.0,0,100.0,72.3
Baroda BNP Paribas Overnight Fund,500,5000,0.08,423.0,4,Vikram Pamnani,0.32,0.62,0.34,0.45,0.05,1,Baroda BNP Paribas Mutual Fund,3,Debt,Overnight Mutual Funds,5.4,3.9,,30.76923076923077,69.23076923076923,34.61538461538461,34.61538461538461,40.0,Moderate,3,Primary risk drivers: Market Sensitivity and Sharpe Risk.,57.692307692307686,69.23076923076923,69.23076923076923,64.61538461538461,0,100.0,80.92307692307692
Baroda BNP Paribas Short Duration Fund,500,5000,0.37,235.0,10,Prashant Pimple,1.23,3.6,1.75,1.55,0.88,3,Baroda BNP Paribas Mutual Fund,3,Debt,Short Duration Funds,4.2,5.7,6.7,57.14285714285714,38.095238095238095,66.66666666666666,85.71428571428571,60.95238095238095,High,4,Primary risk drivers: Downside Risk and Sharpe Risk.,11.904761904761903,38.095238095238095,19.047619047619047,21.904761904761905,1,75.0,46.45238095238095
Baroda BNP Paribas Ultra Short Duration Fund,500,5000,0.22,560.0,5,Vikram Pamnani,3.14,2.59,0.53,1.24,1.77,2,Baroda BNP Paribas Mutual Fund,3,Debt,Ultra Short Duration Funds,5.7,5.1,,43.47826086956522,100.0,39.130434782608695,63.04347826086957,57.82608695652175,Moderate,3,Primary risk drivers: Market Sensitivity and Downside Risk.,47.82608695652174,65.21739130434783,41.30434782608695,51.08695652173913,0,100.0,74.89130434782608
Canara Robeco Bluechip Equity Fund,1000,5000,0.48,8672.0,10,Shridatta Bhandwaldar,3.07,0.16,14.97,0.89,1.35,6,Canara Robeco Mutual Fund,5,Equity,Large Cap Mutual Funds,1.7,24.3,14.4,10.714285714285714,21.428571428571427,41.07142857142857,42.857142857142854,25.357142857142854,Low,2,Primary risk drivers: Downside Risk and Sharpe Risk.,46.2962962962963,62.5,60.71428571428571,55.48280423280423,1,75.0,63.404100529100525
Canara Robeco Conservative Hybrid Fund,1000,5000,0.57,1069.0,10,Avnish Jain,3.41,2.59,3.98,0.6,1.74,4,Canara Robeco Mutual Fund,5,Hybrid,Conservative Hybrid Mutual Funds,3.8,11.4,9.4,35.294117647058826,44.11764705882353,38.23529411764706,58.82352941176471,42.352941176470594,Moderate,3,Primary risk drivers: Downside Risk and Market Sensitivity.,58.82352941176471,67.64705882352942,47.05882352941176,57.94117647058824,0,100.0,79.1470588235294
Canara Robeco Consumer Trends Fund,1000,5000,1.0,935.0,10,Shridatta Bhandwaldar,3.47,4.63,14.66,0.74,1.48,6,Canara Robeco Mutual Fund,4,Equity,Sectoral / Thematic Mutual Funds,7.1,26.7,15.1,16.666666666666664,37.82051282051282,37.82051282051282,23.076923076923077,26.410256410256412,Low,2,Primary risk drivers: Market Sensitivity and Sharpe Risk.,47.43589743589743,63.46153846153846,78.2051282051282,61.47435897435897,1,75.0,65.42948717948718
Canara Robeco Corporate Bond Fund,1000,5000,0.39,191.0,9,Avnish Jain,1.35,1.33,1.81,0.77,0.85,2,Canara Robeco Mutual Fund,3,Debt,Corporate Bond Mutual Funds,4.0,6.0,6.7,38.88888888888889,66.66666666666666,72.22222222222221,72.22222222222221,57.77777777777777,Moderate,3,Primary risk drivers: Sharpe Risk and Downside Risk.,16.666666666666664,33.33333333333333,33.33333333333333,26.666666666666664,0,100.0,61.333333333333336
Canara Robeco Dynamic Bond Fund,1000,5000,0.66,116.0,10,Kunal Jain,0.64,0.74,2.17,1.02,0.47,3,Canara Robeco Mutual Fund,3,Debt,Dynamic Bond,4.7,5.3,6.6,33.33333333333333,52.38095238095239,61.904761904761905,57.14285714285714,47.61904761904762,Moderate,3,Primary risk drivers: Sharpe Risk and Downside Risk.,23.809523809523807,42.857142857142854,47.61904761904761,36.666666666666664,0,100.0,65.76190476190476
Canara Robeco Emerging Equities – Direct Growth,1000,5000,0.6,15261.0,10,Shridatta Bhandwaldar,3.36,2.48,15.69,0.89,1.47,6,Canara Robeco Mutual Fund,3,Equity,Large & Mid Cap Funds,-0.2,27.0,12.6,27.083333333333332,39.58333333333333,52.083333333333336,41.66666666666667,37.5,Low,2,Primary risk drivers: Sharpe Risk and Downside Risk.,33.33333333333333,52.083333333333336,62.5,47.70833333333333,1,75.0,58.479166666666664
Canara Robeco Equity Hybrid Fund,1000,5000,0.63,8235.0,10,Shridatta Bhandwaldar,3.25,1.49,11.27,0.78,1.4,6,Canara Robeco Mutual Fund,4,Hybrid,Aggressive Hybrid Mutual Funds,1.8,20.1,12.2,10.0,23.333333333333332,51.66666666666667,41.66666666666667,27.333333333333336,Low,2,Primary risk drivers: Sharpe Risk and Downside Risk.,33.33333333333333,51.66666666666667,61.66666666666667,47.33333333333333,1,75.0,58.36666666666666
Canara Robeco Equity Tax Saver Fund,500,500,0.64,4685.0,10,Vishal Mishra,3.08,2.7,15.37,0.87,1.51,6,Canara Robeco Mutual Fund,5,Equity,ELSS Mutual Funds,1.2,27.7,15.5,25.49019607843137,31.372549019607842,41.17647058823529,60.78431372549019,36.86274509803921,Low,2,Primary risk drivers: Downside Risk and Sharpe Risk.,48.03921568627451,60.78431372549019,41.17647058823529,49.80392156862745,1,75.0,62.049019607843135
Canara Robeco Flexi Cap Fund,1000,5000,0.55,8630.0,10,Shridatta Bhandwaldar,2.84,0.32,14.9,0.87,1.39,6,Canara Robeco Mutual Fund,4,Equity,Flexi Cap Funds,-0.9,24.8,13.8,22.727272727272727,27.27272727272727,50.0,59.09090909090909,36.36363636363637,Low,2,Primary risk drivers: Downside Risk and Sharpe Risk.,40.909090909090914,54.54545454545454,45.45454545454545,46.36363636363636,1,75.0,59.59090909090909
Canara Robeco Gilt Fund,1000,5000,0.54,80.0,10,Kunal Jain,0.55,0.47,2.52,0.55,0.43,3,Canara Robeco Mutual Fund,3,Debt,Gilt Mutual Funds,4.3,5.1,7.0,26.31578947368421,34.21052631578947,57.89473684210527,60.526315789473685,41.05263157894737,Moderate,3,Primary risk drivers: Downside Risk and Sharpe Risk.,42.10526315789473,47.368421052631575,44.73684210526316,44.473684210526315,0,100.0,71.76315789473684
Canara Robeco Income Fund,1000,5000,0.75,125.0,10,Avnish Jain,0.69,0.87,2.74,1.32,0.45,3,Canara Robeco Mutual Fund,3,Debt,Medium to Long Duration Funds,3.9,5.8,7.0,45.45454545454545,54.54545454545454,63.63636363636363,54.54545454545454,52.72727272727273,Moderate,3,Primary risk drivers: Sharpe Risk and Market Sensitivity.,50.0,45.45454545454545,54.54545454545454,49.99999999999999,0,100.0,75.0
Canara Robeco Infrastructure – Direct Growth,1000,5000,1.32,247.0,10,Shridatta Bhandwaldar,3.99,10.9,16.53,0.59,1.8,6,Canara Robeco Mutual Fund,3,Equity,Sectoral / Thematic Mutual Funds,13.7,34.9,12.2,35.8974358974359,11.538461538461538,5.769230769230769,7.6923076923076925,19.35897435897436,Very Low,1,Primary risk drivers: Volatility and Market Sensitivity.,79.48717948717949,95.51282051282051,93.58974358974359,88.52564102564102,2,50.0,67.4551282051282
Canara Robeco Liquid Fund,1000,5000,0.11,2548.0,10,Kunal Jain,3.04,1.07,0.39,0.66,0.47,2,Canara Robeco Mutual Fund,2,Debt,Liquid Mutual Funds,5.6,4.1,5.1,93.93939393939394,21.21212121212121,78.78787878787878,78.78787878787878,73.33333333333334,High,4,Primary risk drivers: Volatility and Sharpe Risk.,24.242424242424242,24.242424242424242,24.242424242424242,24.242424242424242,1,75.0,49.621212121212125
Canara Robeco Overnight Fund,0,5000,0.1,216.0,4,Suman Prasad,0.03,0.61,0.34,0.45,0.0,1,Canara Robeco Mutual Fund,2,Debt,Overnight Mutual Funds,5.3,3.9,,30.76923076923077,69.23076923076923,53.84615384615385,53.84615384615385,47.69230769230769,Moderate,3,Primary risk drivers: Market Sensitivity and Sharpe Risk.,57.692307692307686,50.0,50.0,53.07692307692308,0,100.0,77.46153846153845
Canara Robeco Savings Fund,1000,5000,0.31,1003.0,10,Kunal Jain,2.24,2.64,0.77,1.33,1.12,2,Canara Robeco Mutual Fund,2,Debt,Low Duration Funds,5.0,5.2,5.9,10.0,90.0,80.0,90.0,56.0,Moderate,3,Primary risk drivers: Market Sensitivity and Downside Risk.,15.0,25.0,15.0,18.0,0,100.0,58.4
Canara Robeco Short Duration Fund,1000,5000,0.47,520.0,10,Suman Prasad,1.68,3.98,1.59,1.95,0.87,2,Canara Robeco Mutual Fund,3,Debt,Short Duration Funds,4.1,5.9,6.5,19.047619047619047,57.14285714285714,71.42857142857143,66.66666666666666,46.66666666666667,Moderate,3,Primary risk drivers: Sharpe Risk and Downside Risk.,19.047619047619047,33.33333333333333,38.095238095238095,29.047619047619044,0,100.0,62.523809523809526
Canara Robeco Small Cap Fund,1000,5000,0.47,4831.0,4,Shridatta Bhandwaldar,4.62,12.23,17.75,0.79,2.17,6,Canara Robeco Mutual Fund,5,Equity,Small Cap Mutual Funds,-0.6,51.8,,28.000000000000004,28.000000000000004,4.0,8.0,19.200000000000006,Very Low,1,Primary risk drivers: Volatility and Market Sensitivity.,96.0,100.0,96.0,97.2,2,50.0,73.36
Canara Robeco Ultra Short Term Fund,500,500,0.4,565.0,10,Suman Prasad,2.11,1.82,0.51,1.04,0.84,2,Canara Robeco Mutual Fund,2,Debt,Ultra Short Duration Funds,5.2,4.5,5.3,26.08695652173913,52.17391304347826,86.95652173913044,86.95652173913044,55.652173913043484,Moderate,3,Primary risk drivers: Sharpe Risk and Downside Risk.,13.043478260869565,17.391304347826086,17.391304347826086,15.652173913043477,0,100.0,57.30434782608696
DSP Arbitrage Fund,500,500,0.35,1238.0,5,Kedar Karnik,1.08,1.45,0.72,0.64,0.82,1,DSP Mutual Fund,3,Hybrid,Arbitrage Mutual Funds,5.6,4.6,5.4,65.9090909090909,90.9090909090909,56.81818181818182,50.0,65.9090909090909,High,4,Primary risk drivers: Market Sensitivity and Volatility.,52.27272727272727,47.72727272727273,54.54545454545454,51.590909090909086,1,75.0,63.43181818181818
DSP Banking & Psu Debt Fund,500,500,0.33,2463.0,10,Vikram Chopra,1.59,4.78,1.87,2.4,0.84,2,DSP Mutual Fund,3,Debt,Banking and PSU Mutual Funds,4.0,6.4,6.9,41.17647058823529,79.41176470588235,58.82352941176471,58.82352941176471,55.88235294117647,Moderate,3,Primary risk drivers: Market Sensitivity and Sharpe Risk.,47.05882352941176,47.05882352941176,47.05882352941176,47.05882352941176,0,100.0,73.52941176470587
DSP Bond Fund,500,500,0.39,333.0,10,Vivek Ramakrishnan,0.98,1.17,2.36,1.02,0.62,3,DSP Mutual Fund,3,Debt,Medium Duration Funds,3.8,6.1,4.9,50.0,75.0,66.66666666666666,58.333333333333336,60.0,High,4,Primary risk drivers: Market Sensitivity and Sharpe Risk.,33.33333333333333,41.66666666666667,50.0,40.833333333333336,1,75.0,56.416666666666664
DSP Corporate Bond Fund,500,500,0.25,2065.0,5,Vivek Ramakrishnan,0.59,0.76,2.16,0.73,0.45,3,DSP Mutual Fund,2,Debt,Corporate Bond Mutual Funds,2.6,5.6,,72.22222222222221,50.0,88.88888888888889,94.44444444444444,75.55555555555556,High,4,Primary risk drivers: Downside Risk and Sharpe Risk.,8.333333333333332,16.666666666666664,11.11111111111111,11.666666666666664,1,75.0,42.666666666666664
DSP Credit Risk Fund,500,500,0.38,210.0,10,Laukik Bagwe,1.23,2.84,4.32,0.26,0.58,4,DSP Mutual Fund,3,Debt,Credit Risk Funds,10.8,6.6,4.5,71.42857142857143,75.0,71.42857142857143,71.42857142857143,72.14285714285714,High,4,Primary risk drivers: Market Sensitivity and Volatility.,28.57142857142857,35.714285714285715,35.714285714285715,32.857142857142854,1,75.0,53.07142857142857
DSP Dynamic Asset Allocation Fund,500,500,0.71,3770.0,9,Atul Bhole,2.7,-0.92,8.62,0.53,1.03,5,DSP Mutual Fund,3,Hybrid,Dynamic Asset Allocation or Balanced Advantage,1.7,12.2,8.3,47.368421052631575,26.31578947368421,84.21052631578947,68.42105263157895,54.73684210526316,Moderate,3,Primary risk drivers: Sharpe Risk and Downside Risk.,21.052631578947366,21.052631578947366,36.84210526315789,25.789473684210524,0,100.0,61.94736842105263
DSP Equity & Bond Fund,500,500,0.78,7358.0,10,Atul Bhole,2.7,0.51,12.7,0.83,1.25,6,DSP Mutual Fund,3,Hybrid,Aggressive Hybrid Mutual Funds,0.6,18.7,10.7,73.33333333333333,65.0,81.66666666666667,70.0,72.66666666666666,High,4,Primary risk drivers: Sharpe Risk and Volatility.,23.333333333333332,21.666666666666668,33.33333333333333,25.833333333333332,1,75.0,49.916666666666664
DSP Equity Opportunities Fund,500,500,0.91,7110.0,10,Rohit Singhania,2.87,1.89,16.6,0.93,1.4,6,DSP Mutual Fund,3,Equity,Large & Mid Cap Funds,3.2,31.6,11.7,68.75,70.83333333333334,79.16666666666666,79.16666666666666,73.33333333333333,High,4,Primary risk drivers: Sharpe Risk and Downside Risk.,83.33333333333334,25.0,25.0,48.333333333333336,1,75.0,68.66666666666667
DSP Equity Savings Fund,500,500,0.4,535.0,7,Kedar Karnik,3.55,4.83,6.37,0.88,1.75,4,DSP Mutual Fund,2,Hybrid,Equity Savings Mutual Funds,4.0,14.6,7.8,57.14285714285714,42.857142857142854,26.190476190476193,38.095238095238095,44.28571428571429,Moderate,3,Primary risk drivers: Volatility and Market Sensitivity.,69.04761904761905,78.57142857142857,66.66666666666666,71.19047619047619,0,100.0,85.16666666666667
DSP Flexi Cap Fund,500,500,0.76,7725.0,10,Atul Bhole,2.56,-1.47,16.67,0.93,1.23,6,DSP Mutual Fund,3,Equity,Flexi Cap Funds,-0.1,22.8,12.0,81.81818181818183,75.0,70.45454545454545,77.27272727272727,77.27272727272728,High,4,Primary risk drivers: Volatility and Downside Risk.,36.36363636363637,34.090909090909086,27.27272727272727,32.95454545454545,1,75.0,54.65909090909091
DSP Focus Fund,500,500,1.08,1784.0,10,Vinit Sambre,2.4,-2.77,16.44,0.9,1.11,6,DSP Mutual Fund,2,Equity,Focused Funds,-1.7,20.4,8.9,57.89473684210527,34.21052631578947,84.21052631578947,89.47368421052632,64.73684210526316,High,4,Primary risk drivers: Downside Risk and Sharpe Risk.,18.421052631578945,21.052631578947366,15.789473684210526,18.421052631578945,1,75.0,46.71052631578947
DSP G-Sec Fund,500,500,0.54,430.0,10,Vikram Chopra,0.93,1.15,2.85,0.62,0.64,3,DSP Mutual Fund,4,Debt,Gilt Mutual Funds,4.4,5.9,8.6,52.63157894736842,52.63157894736842,26.31578947368421,26.31578947368421,42.10526315789474,Moderate,3,Primary risk drivers: Volatility and Market Sensitivity.,65.78947368421053,78.94736842105263,78.94736842105263,73.68421052631578,0,100.0,85.26315789473685
DSP Healthcare Fund,500,500,1.04,1197.0,4,Vinit Sambre,2.42,6.84,17.83,0.78,1.19,6,DSP Mutual Fund,0,Equity,Sectoral / Thematic Mutual Funds,-3.6,26.9,,48.717948717948715,46.794871794871796,67.3076923076923,64.1025641025641,55.128205128205124,Moderate,3,Primary risk drivers: Sharpe Risk and Downside Risk.,49.358974358974365,33.97435897435898,37.17948717948718,41.0897435897436,0,100.0,72.19871794871796
DSP India T.I.G.E.R. Fund,500,500,1.34,1797.0,10,Rohit Singhania,3.58,10.78,17.58,0.64,1.78,6,DSP Mutual Fund,3,Equity,Sectoral / Thematic Mutual Funds,15.8,36.4,11.9,44.871794871794876,21.153846153846153,10.256410256410255,16.666666666666664,27.564102564102566,Low,2,Primary risk drivers: Volatility and Market Sensitivity.,87.17948717948718,91.02564102564102,84.61538461538461,87.56410256410257,1,75.0,81.2051282051282
DSP Liquidity Fund,500,500,0.15,13582.0,10,Kedar Karnik,4.19,1.29,0.37,0.73,0.83,3,DSP Mutual Fund,3,Debt,Liquid Mutual Funds,5.6,4.3,5.3,31.818181818181817,40.909090909090914,71.21212121212122,54.54545454545454,46.06060606060606,Moderate,3,Primary risk drivers: Sharpe Risk and Downside Risk.,48.484848484848484,31.818181818181817,48.484848484848484,43.484848484848484,0,100.0,72.74242424242425
DSP Low Duration Fund,500,500,0.3,3340.0,8,Karan Mundhara,3.06,2.97,0.83,1.35,1.4,2,DSP Mutual Fund,2,Debt,Low Duration Funds,5.1,5.5,6.3,20.0,95.0,65.0,55.00000000000001,51.0,Moderate,3,Primary risk drivers: Market Sensitivity and Sharpe Risk.,22.5,40.0,50.0,36.0,0,100.0,65.3
DSP Midcap Fund,500,500,0.77,13213.0,10,Vinit Sambre,2.26,-6.18,15.81,0.85,1.2,6,DSP Mutual Fund,2,Equity,Mid Cap Mutual Funds,-3.9,21.1,9.5,17.391304347826086,17.391304347826086,100.0,100.0,50.434782608695656,Moderate,3,Primary risk drivers: Sharpe Risk and Downside Risk.,4.3478260869565215,4.3478260869565215,4.3478260869565215,4.3478260869565215,0,100.0,52.17391304347826
DSP Natural Resources & New Energy – Direct Growth,500,500,1.21,673.0,10,Rohit Singhania,2.31,21.48,23.46,0.43,1.39,6,DSP Mutual Fund,0,Equity,Sectoral / Thematic Mutual Funds,-0.7,44.3,12.0,94.87179487179486,1.282051282051282,48.717948717948715,74.35897435897436,62.820512820512825,High,4,Primary risk drivers: Volatility and Downside Risk.,96.15384615384616,52.56410256410257,26.923076923076923,62.30769230769232,1,75.0,75.42307692307693
DSP Nifty 50 Equal Weight Index Fund,500,500,0.4,498.0,5,Anil Ghelani,3.22,3.52,17.4,1.01,1.51,6,DSP Mutual Fund,3,Other,Index Funds,2.2,30.9,10.7,73.33333333333333,95.0,10.0,63.33333333333333,62.99999999999999,High,4,Primary risk drivers: Market Sensitivity and Volatility.,93.33333333333333,93.33333333333333,40.0,77.33333333333333,1,75.0,79.36666666666667
DSP Nifty 50 Index Fund,500,500,0.24,271.0,4,Anil Ghelani,3.43,-0.76,16.67,0.99,1.3,6,DSP Mutual Fund,3,Other,Index Funds,0.9,25.8,,30.0,41.66666666666667,41.66666666666667,33.33333333333333,35.333333333333336,Low,2,Primary risk drivers: Market Sensitivity and Sharpe Risk.,55.00000000000001,61.66666666666667,70.0,61.5,1,75.0,66.95
DSP Nifty Next 50 Index Fund,500,500,0.32,227.0,4,Anil Ghelani,1.68,-4.59,17.93,0.97,0.97,6,DSP Mutual Fund,2,Other,Index Funds,-6.3,21.8,,76.66666666666667,3.3333333333333335,86.66666666666667,96.66666666666667,68.0,High,4,Primary risk drivers: Downside Risk and Sharpe Risk.,6.666666666666667,16.666666666666664,6.666666666666667,9.666666666666666,1,75.0,41.733333333333334
DSP Overnight Fund,500,500,0.06,2754.0,4,Kedar Karnik,0.73,0.67,0.34,0.47,0.12,1,DSP Mutual Fund,4,Debt,Overnight Mutual Funds,5.4,3.9,,30.76923076923077,92.3076923076923,19.230769230769234,19.230769230769234,38.46153846153847,Low,2,Primary risk drivers: Market Sensitivity and Volatility.,57.692307692307686,84.61538461538461,84.61538461538461,73.84615384615384,1,75.0,71.19230769230768
DSP Regular Savings Fund,500,500,0.51,199.0,10,Vikram Chopra,2.68,2.26,4.28,0.61,1.55,3,DSP Mutual Fund,2,Hybrid,Conservative Hybrid Mutual Funds,3.0,10.8,6.0,52.94117647058824,55.88235294117647,52.94117647058824,82.35294117647058,59.41176470588236,Moderate,3,Primary risk drivers: Downside Risk and Market Sensitivity.,41.17647058823529,52.94117647058824,23.52941176470588,39.41176470588235,0,100.0,70.05882352941177
DSP Savings Fund,500,500,0.25,3903.0,10,Kedar Karnik,1.82,3.15,0.81,1.65,1.15,3,DSP Mutual Fund,2,Debt,Money Market Funds,5.0,5.3,5.9,100.0,100.0,76.47058823529412,91.17647058823529,93.52941176470588,Very High,5,Primary risk drivers: Volatility and Market Sensitivity.,61.76470588235294,29.411764705882355,14.705882352941178,37.94117647058824,2,50.0,48.73529411764706
DSP Short Term Fund,500,500,0.3,2821.0,10,Laukik Bagwe,1.75,4.96,1.67,2.51,0.96,2,DSP Mutual Fund,2,Debt,Short Duration Funds,4.1,6.1,6.7,38.095238095238095,85.71428571428571,57.14285714285714,57.14285714285714,55.23809523809524,Moderate,3,Primary risk drivers: Market Sensitivity and Sharpe Risk.,30.952380952380953,47.61904761904761,47.61904761904761,40.95238095238095,0,100.0,68.47619047619048
DSP Small Cap Fund,500,500,0.9,8953.0,10,Vinit Sambre,3.38,4.28,18.67,0.86,1.78,6,DSP Mutual Fund,2,Equity,Small Cap Mutual Funds,0.7,38.9,12.5,68.0,76.0,84.0,86.0,76.4,High,4,Primary risk drivers: Downside Risk and Sharpe Risk.,40.0,20.0,18.0,27.4,1,75.0,53.72
DSP Strategic Bond Fund,500,500,0.47,481.0,10,Vikram Chopra,0.48,0.84,3.0,1.36,0.41,2,DSP Mutual Fund,3,Debt,Dynamic Bond,3.0,5.4,7.3,76.19047619047619,83.33333333333334,71.42857142857143,71.42857142857143,75.71428571428572,High,4,Primary risk drivers: Market Sensitivity and Volatility.,30.952380952380953,33.33333333333333,33.33333333333333,32.38095238095238,1,75.0,53.404761904761905
DSP Tax Saver Fund,500,500,0.81,10129.0,10,Rohit Singhania,3.19,2.57,16.3,0.94,1.51,6,DSP Mutual Fund,4,Equity,ELSS Mutual Funds,1.8,28.8,13.3,68.62745098039215,73.52941176470588,41.17647058823529,54.90196078431373,61.372549019607845,High,4,Primary risk drivers: Market Sensitivity and Volatility.,54.90196078431373,60.78431372549019,47.05882352941176,54.313725490196084,1,75.0,64.77450980392157
DSP Top 100 Equity Fund,500,500,1.27,2605.0,10,Abhishek Singh,2.98,-1.79,15.88,0.91,1.18,6,DSP Mutual Fund,1,Equity,Large Cap Mutual Funds,3.6,21.8,8.9,57.14285714285714,39.285714285714285,82.14285714285714,53.57142857142857,57.857142857142854,Moderate,3,Primary risk drivers: Sharpe Risk and Volatility.,22.22222222222222,21.428571428571427,50.0,30.317460317460316,0,100.0,63.53968253968254
DSP Ultra Short Fund,500,500,0.3,2736.0,10,Kedar Karnik,3.54,2.39,0.52,1.19,1.54,2,DSP Mutual Fund,3,Debt,Ultra Short Duration Funds,5.5,4.9,5.5,32.608695652173914,86.95652173913044,58.69565217391305,47.82608695652174,51.739130434782616,Moderate,3,Primary risk drivers: Market Sensitivity and Sharpe Risk.,30.434782608695656,45.65217391304348,56.52173913043478,42.826086956521735,0,100.0,68.93478260869564
Edelweiss Aggressive Hybrid Fund,500,5000,0.36,469.0,10,Bharat Lahoti,3.83,5.57,11.66,0.79,1.72,6,Edelweiss Mutual Fund,4,Hybrid,Aggressive Hybrid Mutual Funds,6.5,24.6,13.0,26.666666666666668,35.0,13.333333333333334,13.333333333333334,23.000000000000004,Low,2,Primary risk drivers: Market Sensitivity and Volatility.,68.33333333333333,90.0,90.0,81.33333333333333,1,75.0,75.56666666666666
Edelweiss Arbitrage Fund,500,5000,0.37,5393.0,9,Bhavesh Jain,1.61,1.78,0.72,0.63,1.31,1,Edelweiss Mutual Fund,5,Hybrid,Arbitrage Mutual Funds,5.8,5.0,5.7,65.9090909090909,81.81818181818183,15.909090909090908,18.181818181818183,49.54545454545455,Moderate,3,Primary risk drivers: Market Sensitivity and Volatility.,95.45454545454545,88.63636363636364,86.36363636363636,90.68181818181817,0,100.0,96.29545454545455
Edelweiss Balanced Advantage Fund,500,5000,0.51,8780.0,10,Bhavesh Jain,3.31,2.1,9.71,0.67,1.48,6,Edelweiss Mutual Fund,4,Hybrid,Dynamic Asset Allocation or Balanced Advantage,2.9,18.5,12.0,63.1578947368421,84.21052631578947,36.84210526315789,47.368421052631575,58.94736842105263,Moderate,3,Primary risk drivers: Market Sensitivity and Volatility.,73.68421052631578,68.42105263157895,57.89473684210527,67.36842105263158,0,100.0,84.94736842105263
Edelweiss Banking & Psu Debt Fund,500,5000,0.26,355.0,10,Dhawal Dalal,0.78,6.29,3.68,3.18,0.55,3,Edelweiss Mutual Fund,2,Debt,Banking and PSU Mutual Funds,3.5,6.9,7.9,100.0,94.11764705882352,82.35294117647058,82.35294117647058,91.76470588235294,Very High,5,Primary risk drivers: Volatility and Market Sensitivity.,85.29411764705883,23.52941176470588,23.52941176470588,48.23529411764705,2,50.0,56.529411764705884
Edelweiss Equity Savings Fund,500,5000,0.7,258.0,8,Bharat Lahoti,3.22,2.41,5.29,0.79,1.53,4,Edelweiss Mutual Fund,5,Hybrid,Equity Savings Mutual Funds,4.4,12.1,9.0,23.809523809523807,21.428571428571427,54.761904761904766,59.523809523809526,36.66666666666667,Low,2,Primary risk drivers: Downside Risk and Sharpe Risk.,33.33333333333333,50.0,45.23809523809524,41.904761904761905,1,75.0,56.738095238095234
Edelweiss Flexi Cap Fund,500,5000,0.56,1056.0,8,Trideep Bhattacharya,3.41,1.91,16.02,0.92,1.46,6,Edelweiss Mutual Fund,3,Equity,Flexi Cap Funds,1.9,27.5,12.1,45.45454545454545,65.9090909090909,27.27272727272727,13.636363636363635,39.54545454545455,Low,2,Primary risk drivers: Market Sensitivity and Volatility.,68.18181818181817,77.27272727272727,90.9090909090909,77.72727272727272,1,75.0,74.45454545454545
Edelweiss Govt Securities Fund,500,5000,0.66,119.0,9,Dhawal Dalal,1.63,1.77,2.77,0.61,0.88,3,Edelweiss Mutual Fund,5,Debt,Gilt Mutual Funds,4.3,6.8,8.2,36.84210526315789,47.368421052631575,5.263157894736842,5.263157894736842,26.315789473684212,Low,2,Primary risk drivers: Market Sensitivity and Volatility.,100.0,100.0,100.0,100.0,1,75.0,87.5
Edelweiss Large & Mid Cap Fund,500,5000,0.6,1711.0,10,Abhishek Gupta,3.56,2.77,15.87,0.9,1.47,6,Edelweiss Mutual Fund,4,Equity,Large & Mid Cap Funds,1.2,27.8,13.2,41.66666666666667,45.83333333333333,52.083333333333336,12.5,38.75,Low,2,Primary risk drivers: Sharpe Risk and Market Sensitivity.,50.0,52.083333333333336,91.66666666666666,63.125,1,75.0,66.4375
Edelweiss Large Cap Fund,500,5000,0.93,399.0,10,Bharat Lahoti,3.25,0.95,15.71,0.93,1.4,6,Edelweiss Mutual Fund,4,Equity,Large Cap Mutual Funds,4.9,26.0,12.8,42.857142857142854,60.71428571428571,17.857142857142858,32.142857142857146,39.285714285714285,Low,2,Primary risk drivers: Market Sensitivity and Volatility.,68.51851851851852,85.71428571428571,71.42857142857143,74.55026455026454,1,75.0,73.56878306878308
Edelweiss Liquid Fund,500,5000,0.15,1543.0,10,Rahul Dedhia,6.74,1.47,0.38,0.8,1.08,3,Edelweiss Mutual Fund,4,Debt,Liquid Mutual Funds,5.6,4.4,5.4,63.63636363636363,93.93939393939394,12.121212121212121,6.0606060606060606,47.878787878787875,Moderate,3,Primary risk drivers: Market Sensitivity and Volatility.,80.3030303030303,90.9090909090909,96.96969696969697,88.48484848484848,0,100.0,92.60606060606061
Edelweiss Long Term Equity Fund,500,500,0.69,209.0,10,Trideep Bhattacharya,3.18,0.61,15.73,0.9,1.39,6,Edelweiss Mutual Fund,3,Equity,ELSS Mutual Funds,0.9,25.6,10.2,37.254901960784316,50.98039215686274,60.78431372549019,57.84313725490197,48.82352941176471,Moderate,3,Primary risk drivers: Sharpe Risk and Downside Risk.,29.411764705882355,41.17647058823529,44.11764705882353,37.35294117647059,0,100.0,67.08823529411765
Edelweiss Mid Cap Fund,500,5000,0.57,2530.0,10,Trideep Bhattacharya,3.85,2.21,17.63,0.96,1.73,6,Edelweiss Mutual Fund,4,Equity,Mid Cap Mutual Funds,4.9,35.5,14.0,78.26086956521739,86.95652173913044,39.130434782608695,13.043478260869565,59.1304347826087,Moderate,3,Primary risk drivers: Market Sensitivity and Volatility.,86.95652173913044,65.21739130434783,91.30434782608695,81.73913043478262,0,100.0,91.91304347826087
Edelweiss Money Market Fund,500,5000,0.26,346.0,10,Dhawal Dalal,2.05,2.56,0.6,1.45,1.03,2,Edelweiss Mutual Fund,1,Debt,Money Market Funds,4.9,4.7,7.3,47.05882352941176,88.23529411764706,94.11764705882352,82.35294117647058,71.76470588235294,High,4,Primary risk drivers: Sharpe Risk and Market Sensitivity.,14.705882352941178,11.76470588235294,23.52941176470588,16.470588235294116,1,75.0,45.382352941176464
Edelweiss Overnight Fund,500,5000,0.1,480.0,4,Rahul Dedhia,0.08,0.63,0.33,0.47,0.01,1,Edelweiss Mutual Fund,2,Debt,Overnight Mutual Funds,5.3,3.9,,7.6923076923076925,92.3076923076923,50.0,50.0,41.53846153846154,Moderate,3,Primary risk drivers: Market Sensitivity and Sharpe Risk.,57.692307692307686,53.84615384615385,53.84615384615385,55.38461538461538,0,100.0,78.15384615384615
Edelweiss Recently Listed IPO Fund,500,5000,0.61,859.0,5,Bhavesh Jain,1.63,0.04,17.77,0.83,1.09,6,Edelweiss Mutual Fund,0,Equity,Sectoral / Thematic Mutual Funds,-13.8,24.3,10.9,47.43589743589743,58.333333333333336,76.92307692307693,98.71794871794873,65.76923076923077,High,4,Primary risk drivers: Downside Risk and Sharpe Risk.,29.48717948717949,24.358974358974358,2.564102564102564,19.871794871794872,1,75.0,49.35897435897436
Edelweiss Small Cap Fund,500,5000,0.6,1458.0,4,Sahil Shah,4.17,8.58,17.99,0.81,1.98,6,Edelweiss Mutual Fund,4,Equity,Small Cap Mutual Funds,3.0,42.5,,40.0,38.0,30.0,32.0,36.0,Low,2,Primary risk drivers: Volatility and Market Sensitivity.,60.0,74.0,72.0,67.8,1,75.0,69.84
Franklin Build India Fund,500,5000,1.3,1184.0,10,Ajay Argal,3.18,8.05,19.06,0.71,1.6,6,Franklin Templeton Mutual Fund,3,Equity,Sectoral / Thematic Mutual Funds,16.0,36.1,13.3,57.692307692307686,30.76923076923077,24.358974358974358,35.8974358974359,41.282051282051285,Moderate,3,Primary risk drivers: Volatility and Downside Risk.,85.8974358974359,76.92307692307693,65.38461538461539,77.05128205128206,0,100.0,90.2948717948718
Franklin India Banking & PSU Debt Fund,500,5000,0.16,712.0,9,Umesh Sharma,1.06,3.72,1.74,1.87,0.7,2,Franklin Templeton Mutual Fund,2,Debt,Banking and PSU Mutual Funds,4.2,6.1,7.2,29.411764705882355,52.94117647058824,76.47058823529412,76.47058823529412,52.94117647058824,Moderate,3,Primary risk drivers: Sharpe Risk and Downside Risk.,29.411764705882355,29.411764705882355,29.411764705882355,29.411764705882355,0,100.0,64.70588235294119
Franklin India Bluechip Fund,500,5000,1.01,6205.0,10,Anand Radhakrishnan,2.72,0.71,16.83,0.92,1.28,6,Franklin Templeton Mutual Fund,2,Equity,Large Cap Mutual Funds,-1.0,25.1,9.7,89.28571428571429,50.0,60.71428571428571,67.85714285714286,71.42857142857143,High,4,Primary risk drivers: Volatility and Downside Risk.,51.85185185185185,42.857142857142854,35.714285714285715,44.31216931216931,1,75.0,61.164021164021165
Franklin India Corporate Debt Fund,500,10000,0.21,748.0,10,Santosh Kamath,1.65,1.68,1.8,0.56,1.02,2,Franklin Templeton Mutual Fund,3,Debt,Corporate Bond Mutual Funds,4.4,6.3,7.0,33.33333333333333,11.11111111111111,44.44444444444444,50.0,34.44444444444444,Low,2,Primary risk drivers: Downside Risk and Sharpe Risk.,27.77777777777778,61.111111111111114,55.55555555555556,46.111111111111114,1,75.0,56.88888888888889
Franklin India Debt Hybrid Fund,500,10000,0.57,246.0,10,Rajasa Kakulavarapu,2.98,1.26,3.89,0.59,1.42,4,Franklin Templeton Mutual Fund,3,Hybrid,Conservative Hybrid Mutual Funds,5.1,9.8,7.0,29.411764705882355,35.294117647058826,58.82352941176471,64.70588235294117,43.529411764705884,Moderate,3,Primary risk drivers: Downside Risk and Sharpe Risk.,29.411764705882355,47.05882352941176,41.17647058823529,38.23529411764706,0,100.0,67.35294117647058
Franklin India Dynamic Asset Allocation FoFs-Dir-G,500,5000,0.46,1103.0,10,Rajasa Kakulavarapu,1.87,8.57,10.19,0.3,1.39,4,Franklin Templeton Mutual Fund,3,Other,FoFs Domestic,5.9,18.2,9.2,35.294117647058826,8.823529411764707,41.17647058823529,55.88235294117647,35.294117647058826,Low,2,Primary risk drivers: Downside Risk and Sharpe Risk.,61.76470588235294,61.76470588235294,47.05882352941176,57.35294117647059,1,75.0,67.05882352941177
Franklin India Equity Advantage Fund,500,5000,1.37,2556.0,10,R Janakiraman,3.41,2.99,17.49,0.96,1.43,6,Franklin Templeton Mutual Fund,2,Equity,Large & Mid Cap Funds,-0.9,27.7,9.2,87.5,89.58333333333334,64.58333333333334,35.41666666666667,72.91666666666667,High,4,Primary risk drivers: Market Sensitivity and Volatility.,45.83333333333333,39.58333333333333,68.75,50.83333333333333,1,75.0,61.916666666666664
Franklin India Equity Hybrid Fund,500,5000,1.2,1347.0,10,Rajasa Kakulavarapu,3.24,3.49,12.1,0.8,1.51,6,Franklin Templeton Mutual Fund,3,Hybrid,Aggressive Hybrid Mutual Funds,5.3,22.5,11.0,43.333333333333336,45.0,33.33333333333333,46.666666666666664,42.333333333333336,Moderate,3,Primary risk drivers: Downside Risk and Market Sensitivity.,56.666666666666664,70.0,56.666666666666664,60.66666666666667,0,100.0,79.53333333333333
Franklin India Equity Savings Fund,500,5000,0.71,153.0,5,Rajasa Kakulavarapu,3.01,3.39,6.61,0.94,1.53,3,Franklin Templeton Mutual Fund,3,Hybrid,Equity Savings Mutual Funds,4.8,14.0,,66.66666666666666,64.28571428571429,54.761904761904766,71.42857142857143,64.76190476190477,High,4,Primary risk drivers: Downside Risk and Volatility.,57.14285714285714,50.0,33.33333333333333,47.85714285714286,1,75.0,63.28571428571429
Franklin India Flexi Cap Fund,500,5000,1.1,9989.0,10,Anand Radhakrishnan,3.27,4.83,16.63,0.93,1.6,6,Franklin Templeton Mutual Fund,4,Equity,Flexi Cap Funds,3.8,31.1,12.0,77.27272727272727,75.0,15.909090909090908,36.36363636363637,56.36363636363636,Moderate,3,Primary risk drivers: Volatility and Market Sensitivity.,81.81818181818183,88.63636363636364,68.18181818181817,79.77272727272728,0,100.0,90.29545454545456
Franklin India Floating Rate Fund,500,1000,0.21,311.0,10,Pallab Roy,2.6,2.33,0.84,0.75,1.58,2,Franklin Templeton Mutual Fund,4,Debt,Floater Mutual Funds,5.8,5.6,6.2,14.285714285714285,28.57142857142857,42.857142857142854,85.71428571428571,37.14285714285714,Low,2,Primary risk drivers: Downside Risk and Sharpe Risk.,14.285714285714285,71.42857142857143,28.57142857142857,35.714285714285715,1,75.0,51.07142857142857
Franklin India Focused Equity Fund,500,5000,1.16,8022.0,10,Ajay Argal,3.17,3.6,18.62,0.98,1.43,6,Franklin Templeton Mutual Fund,4,Equity,Focused Funds,5.1,30.9,12.9,89.47368421052632,89.47368421052632,44.73684210526316,42.10526315789473,71.05263157894737,High,4,Primary risk drivers: Volatility and Market Sensitivity.,78.94736842105263,60.526315789473685,63.1578947368421,68.6842105263158,1,75.0,73.89473684210526
Franklin India G-Sec Fund,500,10000,0.57,121.0,10,Sachin Padwal Desai,0.04,-0.49,2.35,0.52,0.04,3,Franklin Templeton Mutual Fund,2,Debt,Gilt Mutual Funds,3.5,4.1,6.3,15.789473684210526,15.789473684210526,100.0,100.0,49.473684210526315,Moderate,3,Primary risk drivers: Sharpe Risk and Downside Risk.,5.263157894736842,5.263157894736842,5.263157894736842,5.263157894736842,0,100.0,52.631578947368425
Franklin India Liquid Fund,500,10000,0.13,1511.0,10,Pallab Roy,4.44,1.34,0.38,0.74,0.9,2,Franklin Templeton Mutual Fund,3,Debt,Liquid Mutual Funds,5.6,4.3,5.4,63.63636363636363,48.484848484848484,57.57575757575758,42.42424242424242,55.15151515151515,Moderate,3,Primary risk drivers: Volatility and Sharpe Risk.,48.484848484848484,45.45454545454545,60.60606060606061,51.21212121212122,0,100.0,75.06060606060606
Franklin India Multi-Asset Solution Fund,500,5000,0.44,45.0,8,Rajasa Kakulavarapu,0.34,5.14,12.82,-0.01,0.39,4,Franklin Templeton Mutual Fund,1,Other,FoFs Domestic,4.1,8.7,5.3,50.0,2.941176470588235,97.05882352941177,97.05882352941177,59.411764705882355,Moderate,3,Primary risk drivers: Sharpe Risk and Downside Risk.,14.705882352941178,5.88235294117647,5.88235294117647,9.411764705882353,0,100.0,55.76470588235294
Franklin India NSE Nifty 50 Index Fund,500,5000,0.24,482.0,10,Varun Sharma,3.44,-0.79,16.58,0.99,1.3,6,Franklin Templeton Mutual Fund,3,Other,Index Funds,0.9,25.6,11.6,10.0,41.66666666666667,41.66666666666667,28.333333333333332,26.333333333333336,Low,2,Primary risk drivers: Market Sensitivity and Sharpe Risk.,40.0,61.66666666666667,75.0,57.0,1,75.0,62.599999999999994
Franklin India Opportunities Fund,500,5000,1.79,657.0,10,R Janakiraman,3.45,4.7,16.65,0.92,1.58,6,Franklin Templeton Mutual Fund,0,Equity,Sectoral / Thematic Mutual Funds,7.9,31.0,11.5,39.1025641025641,80.76923076923077,28.205128205128204,24.358974358974358,42.30769230769231,Moderate,3,Primary risk drivers: Market Sensitivity and Volatility.,67.3076923076923,73.07692307692307,76.92307692307693,71.92307692307692,0,100.0,85.03846153846155
Franklin India Overnight Fund,500,5000,0.1,152.0,4,Pallab Roy,-0.89,0.49,0.35,0.41,-0.18,1,Franklin Templeton Mutual Fund,2,Debt,Overnight Mutual Funds,5.3,3.8,,73.07692307692307,7.6923076923076925,88.46153846153845,88.46153846153845,66.15384615384615,High,4,Primary risk drivers: Sharpe Risk and Downside Risk.,11.538461538461538,15.384615384615385,15.384615384615385,13.846153846153845,1,75.0,43.96153846153846
Franklin India Prima Fund,500,5000,1.06,7359.0,10,R Janakiraman,3.06,-4.41,17.67,0.96,1.36,6,Franklin Templeton Mutual Fund,2,Equity,Mid Cap Mutual Funds,4.5,26.6,10.0,82.6086956521739,86.95652173913044,86.95652173913044,78.26086956521739,83.47826086956523,Very High,5,Primary risk drivers: Market Sensitivity and Sharpe Risk.,26.08695652173913,17.391304347826086,26.08695652173913,23.478260869565215,2,50.0,37.26086956521739
Franklin India Savings Fund,500,10000,0.1,1084.0,10,Umesh Sharma,3.34,2.67,0.63,1.29,1.5,2,Franklin Templeton Mutual Fund,3,Debt,Money Market Funds,5.3,5.2,6.1,64.70588235294117,64.70588235294117,64.70588235294117,70.58823529411765,65.88235294117648,High,4,Primary risk drivers: Downside Risk and Volatility.,47.05882352941176,41.17647058823529,35.294117647058826,41.76470588235294,1,75.0,59.44117647058824
Franklin India Smaller Companies Fund,500,5000,1.03,7308.0,10,R Janakiraman,3.36,7.03,17.83,0.81,1.91,6,Franklin Templeton Mutual Fund,2,Equity,Small Cap Mutual Funds,10.5,38.8,11.2,32.0,38.0,60.0,92.0,50.80000000000001,Moderate,3,Primary risk drivers: Downside Risk and Sharpe Risk.,36.0,44.0,12.0,31.200000000000003,0,100.0,66.56
Franklin India Taxshield – Direct Growth,500,500,1.12,4584.0,10,R Janakiraman,3.21,2.88,16.91,0.95,1.49,6,Franklin Templeton Mutual Fund,3,Equity,ELSS Mutual Funds,4.9,29.3,11.4,80.3921568627451,82.35294117647058,48.03921568627451,51.9607843137255,68.62745098039215,High,4,Primary risk drivers: Market Sensitivity and Volatility.,63.725490196078425,53.92156862745098,50.0,56.666666666666664,1,75.0,67.24509803921569
Franklin India Technology Fund,500,5000,1.22,712.0,10,Anand Radhakrishnan,1.91,3.66,19.22,0.73,1.24,6,Franklin Templeton Mutual Fund,0,Equity,Sectoral / Thematic Mutual Funds,-11.9,29.9,15.9,60.256410256410255,34.61538461538461,63.46153846153846,96.15384615384616,62.94871794871795,High,4,Primary risk drivers: Downside Risk and Sharpe Risk.,61.53846153846154,37.82051282051282,5.128205128205128,37.5,1,75.0,61.05769230769231
HDFC Arbitrage Fund,100,100,0.43,5886.0,9,Arun Agarwal,0.99,1.24,0.7,0.5,0.82,1,HDFC Mutual Fund,2,Hybrid,Arbitrage Mutual Funds,5.6,4.5,5.2,36.36363636363637,29.545454545454547,56.81818181818182,56.81818181818182,43.18181818181819,Moderate,3,Primary risk drivers: Sharpe Risk and Downside Risk.,40.909090909090914,47.72727272727273,47.72727272727273,45.00000000000001,0,100.0,71.68181818181819
HDFC Balanced Advantage Fund,100,100,0.88,51042.0,10,Gopal Agrawal,3.38,7.38,14.82,0.88,1.6,6,HDFC Mutual Fund,4,Hybrid,Dynamic Asset Allocation or Balanced Advantage,14.4,29.3,12.9,100.0,100.0,15.789473684210526,42.10526315789473,71.57894736842105,High,4,Primary risk drivers: Volatility and Market Sensitivity.,100.0,89.47368421052632,63.1578947368421,85.78947368421052,1,75.0,83.23684210526315
HDFC Banking and PSU Debt Fund,100,100,0.39,4805.0,9,Anil Bamboli,1.74,3.4,2.02,1.06,0.98,2,HDFC Mutual Fund,4,Debt,Banking and PSU Mutual Funds,4.3,6.8,7.2,58.82352941176471,11.76470588235294,41.17647058823529,47.05882352941176,43.529411764705884,Moderate,3,Primary risk drivers: Volatility and Downside Risk.,67.64705882352942,64.70588235294117,58.82352941176471,64.11764705882354,0,100.0,82.76470588235294
HDFC Capital Builder Value Fund,100,100,1.04,5227.0,10,Gopal Agrawal,3.26,3.69,16.41,0.95,1.53,6,HDFC Mutual Fund,2,Equity,Value Funds,-0.7,33.7,11.3,53.84615384615385,61.53846153846154,50.0,53.84615384615385,54.61538461538461,Moderate,3,Primary risk drivers: Market Sensitivity and Volatility.,84.61538461538461,57.692307692307686,53.84615384615385,67.3076923076923,0,100.0,87.11538461538461
HDFC Children’s Gift Fund,100,100,0.96,6157.0,10,Chirag Setalvad,4.11,7.62,11.58,0.76,1.87,6,HDFC Mutual Fund,0,Solution Oriented,Childrens Funds,10.5,26.8,12.9,37.5,37.5,12.5,12.5,27.5,Low,2,Primary risk drivers: Volatility and Market Sensitivity.,87.5,100.0,100.0,95.0,1,75.0,83.5
HDFC Corporate Bond Fund,100,100,0.32,23486.0,10,Anupam Joshi,1.59,1.91,2.19,0.94,0.99,3,HDFC Mutual Fund,3,Debt,Corporate Bond Mutual Funds,4.1,6.9,7.3,77.77777777777779,88.88888888888889,50.0,55.55555555555556,70.0,High,4,Primary risk drivers: Market Sensitivity and Volatility.,77.77777777777779,55.55555555555556,50.0,62.777777777777786,1,75.0,71.88888888888889
HDFC Credit Risk Debt Fund,100,100,0.95,8437.0,9,Shobhit Mehrotra,1.5,2.63,2.56,-0.52,1.3,4,HDFC Mutual Fund,3,Debt,Credit Risk Funds,4.6,8.0,7.7,28.57142857142857,50.0,35.714285714285715,64.28571428571429,41.42857142857143,Moderate,3,Primary risk drivers: Downside Risk and Market Sensitivity.,53.57142857142857,71.42857142857143,42.857142857142854,55.714285714285715,0,100.0,77.42857142857144
HDFC Dynamic Debt Fund,100,100,0.49,527.0,10,Anil Bamboli,2.3,2.71,3.62,0.55,0.79,3,HDFC Mutual Fund,4,Debt,Dynamic Bond,4.6,7.3,6.1,85.71428571428571,4.761904761904762,28.57142857142857,14.285714285714285,43.8095238095238,Moderate,3,Primary risk drivers: Volatility and Sharpe Risk.,80.95238095238095,76.19047619047619,90.47619047619048,82.38095238095238,0,100.0,90.9047619047619
HDFC Dynamic PE Ratio Fund,100,100,0.22,30.0,10,Srinivasan Ramamurthy,4.11,6.38,9.63,0.6,1.8,5,HDFC Mutual Fund,4,Other,FoFs Domestic,8.6,21.9,11.1,32.35294117647059,35.294117647058826,11.76470588235294,14.705882352941178,25.294117647058822,Low,2,Primary risk drivers: Market Sensitivity and Volatility.,79.41176470588235,91.17647058823529,88.23529411764706,85.58823529411765,1,75.0,79.05882352941177
HDFC Equity Savings Fund,100,100,1.1,2524.0,10,Anil Bamboli,3.67,4.42,7.09,0.98,1.61,4,HDFC Mutual Fund,4,Hybrid,Equity Savings Mutual Funds,5.1,16.0,8.8,80.95238095238095,71.42857142857143,38.095238095238095,33.33333333333333,60.95238095238095,High,4,Primary risk drivers: Volatility and Market Sensitivity.,85.71428571428571,66.66666666666666,71.42857142857143,75.71428571428571,1,75.0,77.35714285714285
HDFC Flexi Cap Fund,100,100,1.0,31672.0,10,Roshi Jain,3.4,5.15,18.4,1.0,1.56,6,HDFC Mutual Fund,4,Equity,Flexi Cap Funds,12.4,34.5,14.0,95.45454545454545,100.0,22.727272727272727,20.454545454545457,66.81818181818181,High,4,Primary risk drivers: Market Sensitivity and Volatility.,95.45454545454545,81.81818181818183,84.0909090909091,87.95454545454545,1,75.0,82.97727272727273
HDFC Floating Rate Debt Fund,100,100,0.26,14785.0,10,Shobhit Mehrotra,3.33,3.39,1.24,0.9,1.76,3,HDFC Mutual Fund,4,Debt,Floater Mutual Funds,5.6,6.5,6.9,57.14285714285714,42.857142857142854,14.285714285714285,14.285714285714285,37.14285714285714,Low,2,Primary risk drivers: Volatility and Market Sensitivity.,57.14285714285714,100.0,100.0,82.85714285714286,1,75.0,73.78571428571429
HDFC Focused 30 Fund,100,100,0.54,3609.0,10,Roshi Jain,3.93,7.78,17.19,0.92,1.71,6,HDFC Mutual Fund,3,Equity,Focused Funds,16.0,35.8,11.9,78.94736842105263,50.0,5.263157894736842,5.263157894736842,43.684210526315795,Moderate,3,Primary risk drivers: Volatility and Market Sensitivity.,100.0,100.0,100.0,100.0,0,100.0,100.0
HDFC Gilt Fund,100,100,0.46,1739.0,10,Anil Bamboli,0.43,0.23,2.78,0.64,0.34,3,HDFC Mutual Fund,2,Debt,Gilt Mutual Funds,3.6,4.9,6.4,42.10526315789473,60.526315789473685,78.94736842105263,78.94736842105263,60.526315789473685,High,4,Primary risk drivers: Sharpe Risk and Downside Risk.,26.31578947368421,26.31578947368421,26.31578947368421,26.315789473684205,1,75.0,50.6578947368421
HDFC Gold Fund,100,100,0.18,1402.0,10,Nirman Morakhia,1.03,-0.5,14.19,1.01,0.47,5,HDFC Mutual Fund,5,Other,FoFs Domestic,14.2,12.3,13.4,73.52941176470588,94.11764705882352,79.41176470588235,80.88235294117648,80.29411764705884,Very High,5,Primary risk drivers: Market Sensitivity and Downside Risk.,44.11764705882353,23.52941176470588,22.058823529411764,31.323529411764707,2,50.0,43.220588235294116
HDFC Housing Opportunities Fund,100,100,1.28,1081.0,5,Rakesh Vyas,2.5,0.23,19.34,1.0,1.23,6,HDFC Mutual Fund,0,Equity,Sectoral / Thematic Mutual Funds,9.8,27.1,7.9,62.82051282051282,98.71794871794873,65.38461538461539,57.692307692307686,69.48717948717949,High,4,Primary risk drivers: Market Sensitivity and Sharpe Risk.,52.56410256410257,35.8974358974359,43.58974358974359,44.871794871794876,1,75.0,61.47435897435898
HDFC Hybrid Debt Fund,100,100,1.33,2695.0,10,Shobhit Mehrotra,3.46,3.73,4.97,0.69,1.74,4,HDFC Mutual Fund,3,Hybrid,Conservative Hybrid Mutual Funds,6.0,13.3,8.4,82.35294117647058,76.47058823529412,38.23529411764706,41.17647058823529,64.11764705882354,High,4,Primary risk drivers: Volatility and Market Sensitivity.,70.58823529411765,67.64705882352942,64.70588235294117,67.94117647058823,1,75.0,72.0
HDFC Hybrid Equity Fund,100,100,1.09,18729.0,10,Chirag Setalvad,3.42,4.86,13.03,0.87,1.6,6,HDFC Mutual Fund,3,Hybrid,Aggressive Hybrid Mutual Funds,7.7,25.6,11.3,86.66666666666667,93.33333333333333,26.666666666666668,33.33333333333333,65.33333333333334,High,4,Primary risk drivers: Market Sensitivity and Volatility.,73.33333333333333,76.66666666666667,70.0,73.33333333333333,1,75.0,74.16666666666667
HDFC Income Fund,100,100,0.51,528.0,10,Shobhit Mehrotra,0.43,0.51,2.53,1.28,0.34,3,HDFC Mutual Fund,3,Debt,Medium to Long Duration Funds,3.8,5.2,6.1,18.181818181818183,45.45454545454545,72.72727272727273,72.72727272727273,45.45454545454546,Moderate,3,Primary risk drivers: Sharpe Risk and Downside Risk.,36.36363636363637,36.36363636363637,36.36363636363637,36.36363636363637,0,100.0,68.18181818181819
HDFC Index Fund,100,100,0.2,4210.0,10,Nirman Morakhia,3.48,-0.64,16.76,1.0,1.31,6,HDFC Mutual Fund,4,Other,Index Funds,2.4,25.8,12.8,40.0,75.0,26.666666666666668,8.333333333333332,38.0,Low,2,Primary risk drivers: Market Sensitivity and Volatility.,55.00000000000001,76.66666666666667,95.0,73.5,1,75.0,70.55
HDFC Index Fund,100,100,0.2,7457.0,10,Nirman Morakhia,3.24,-1.01,17.02,1.01,1.28,6,HDFC Mutual Fund,3,Other,Index Funds,0.9,26.0,12.0,70.0,95.0,58.333333333333336,55.00000000000001,69.66666666666667,High,4,Primary risk drivers: Market Sensitivity and Volatility.,71.66666666666667,45.0,48.333333333333336,56.66666666666667,1,75.0,68.83333333333334
HDFC Infrastructure Fund,100,100,1.75,593.0,10,Rakesh Vyas,3.12,2.65,23.69,0.88,1.3,6,HDFC Mutual Fund,1,Equity,Sectoral / Thematic Mutual Funds,16.5,34.3,5.3,96.15384615384616,74.35897435897436,57.692307692307686,38.46153846153847,72.56410256410257,High,4,Primary risk drivers: Volatility and Market Sensitivity.,76.92307692307693,43.58974358974359,62.82051282051282,62.69230769230769,1,75.0,71.6923076923077
HDFC Large and Mid Cap Fund,100,100,1.03,7897.0,10,Gopal Agrawal,3.56,4.97,17.78,0.98,1.55,6,HDFC Mutual Fund,3,Equity,Large & Mid Cap Funds,6.3,33.3,12.8,100.0,97.91666666666666,31.25,12.5,68.33333333333333,High,4,Primary risk drivers: Volatility and Market Sensitivity.,95.83333333333334,72.91666666666666,91.66666666666666,87.70833333333333,1,75.0,82.97916666666667
HDFC Liquid Fund,300,5000,0.2,49008.0,10,Anupam Joshi,3.68,1.34,0.38,0.78,0.79,2,HDFC Mutual Fund,2,Debt,Liquid Mutual Funds,5.6,4.3,5.3,63.63636363636363,84.84848484848484,75.75757575757575,74.24242424242425,72.42424242424242,High,4,Primary risk drivers: Market Sensitivity and Sharpe Risk.,48.484848484848484,27.27272727272727,28.78787878787879,36.21212121212121,1,75.0,58.060606060606055
HDFC Low Duration Fund,100,100,0.43,14779.0,10,Anupam Joshi,3.31,2.82,1.11,0.67,1.73,2,HDFC Mutual Fund,4,Debt,Low Duration Funds,5.4,6.2,6.7,65.0,30.0,20.0,40.0,44.0,Moderate,3,Primary risk drivers: Volatility and Downside Risk.,77.5,85.0,65.0,76.0,0,100.0,88.3
HDFC Medium Term Debt Fund,100,100,0.58,3538.0,10,Shobhit Mehrotra,1.34,2.14,2.33,0.78,1.01,4,HDFC Mutual Fund,3,Debt,Medium Duration Funds,4.1,6.9,7.4,33.33333333333333,41.66666666666667,33.33333333333333,50.0,38.33333333333333,Low,2,Primary risk drivers: Downside Risk and Market Sensitivity.,41.66666666666667,75.0,58.333333333333336,56.66666666666667,1,75.0,62.833333333333336
HDFC Mid-Cap Opportunities Fund,100,100,0.95,35009.0,10,Chirag Setalvad,3.64,2.45,16.86,0.93,1.77,6,HDFC Mutual Fund,3,Equity,Mid Cap Mutual Funds,11.9,34.2,13.1,63.04347826086957,76.08695652173914,26.08695652173913,30.434782608695656,51.739130434782616,Moderate,3,Primary risk drivers: Market Sensitivity and Volatility.,78.26086956521739,78.26086956521739,73.91304347826086,76.95652173913044,0,100.0,88.73913043478261
HDFC Money Market Fund,100,100,0.21,15176.0,10,Vikas Agrawal,4.85,3.08,0.69,1.33,1.89,3,HDFC Mutual Fund,3,Debt,Money Market Funds,5.6,5.6,6.3,88.23529411764706,82.35294117647058,52.94117647058824,29.411764705882355,68.23529411764707,High,4,Primary risk drivers: Volatility and Market Sensitivity.,94.11764705882352,52.94117647058824,76.47058823529412,76.47058823529412,1,75.0,79.26470588235294
HDFC Multi-Asset Fund,100,100,0.88,1643.0,10,Srinivasan Ramamurthy,4.21,5.06,11.41,0.72,1.6,6,HDFC Mutual Fund,4,Hybrid,Multi Asset Allocation Mutual Funds,6.9,23.0,10.9,42.857142857142854,42.857142857142854,42.857142857142854,14.285714285714285,37.14285714285714,Low,2,Primary risk drivers: Volatility and Market Sensitivity.,57.14285714285714,71.42857142857143,100.0,74.28571428571428,1,75.0,71.21428571428571
HDFC Overnight Fund,300,100,0.1,20146.0,10,Anil Bamboli,-0.53,0.53,0.35,0.42,-0.09,1,HDFC Mutual Fund,2,Debt,Overnight Mutual Funds,5.3,3.8,4.6,73.07692307692307,23.076923076923077,84.61538461538461,84.61538461538461,67.69230769230768,High,4,Primary risk drivers: Sharpe Risk and Downside Risk.,11.538461538461538,19.230769230769234,19.230769230769234,16.153846153846157,1,75.0,44.65384615384615
HDFC Retirement Savings Fund,100,100,0.78,2696.0,7,Srinivasan Ramamurthy,4.32,9.26,15.16,0.85,1.92,6,HDFC Mutual Fund,5,Solution Oriented,Retirement Funds,11.6,34.9,14.8,95.0,82.5,5.0,10.0,57.5,Moderate,3,Primary risk drivers: Volatility and Market Sensitivity.,100.0,100.0,95.0,98.5,0,100.0,99.55
HDFC Retirement Savings Fund,100,100,1.03,932.0,7,Srinivasan Ramamurthy,3.27,3.03,3.23,0.43,1.88,6,HDFC Mutual Fund,4,Solution Oriented,Retirement Funds,8.0,24.5,12.3,20.0,10.0,12.5,30.0,18.5,Very Low,1,Primary risk drivers: Downside Risk and Volatility.,75.0,92.5,75.0,80.25,2,50.0,64.075
HDFC Retirement Savings Fund,100,100,1.0,140.0,7,Shobhit Mehrotra,4.39,6.37,11.43,0.73,1.74,4,HDFC Mutual Fund,4,Solution Oriented,Retirement Funds,6.0,10.3,7.8,50.0,35.0,20.0,5.0,32.0,Low,2,Primary risk drivers: Volatility and Market Sensitivity.,37.5,85.0,100.0,70.5,1,75.0,66.15
HDFC Short Term Debt Fund,100,100,0.29,11028.0,10,Anil Bamboli,2.33,4.24,1.87,1.45,1.23,3,HDFC Mutual Fund,3,Debt,Short Duration Funds,4.7,7.0,7.3,69.04761904761905,33.33333333333333,28.57142857142857,33.33333333333333,46.666666666666664,Moderate,3,Primary risk drivers: Volatility and Market Sensitivity.,76.19047619047619,76.19047619047619,71.42857142857143,74.76190476190476,0,100.0,87.66666666666667
HDFC Small Cap Fund,100,100,0.8,14648.0,10,Chirag Setalvad,3.75,6.54,19.61,0.91,1.88,6,HDFC Mutual Fund,3,Equity,Small Cap Mutual Funds,12.5,43.5,13.5,92.0,92.0,72.0,68.0,83.20000000000002,Very High,5,Primary risk drivers: Volatility and Market Sensitivity.,68.0,32.0,36.0,47.6,2,50.0,52.88
HDFC Tax Saver Fund,500,500,1.15,9723.0,10,Roshi Jain,3.71,4.47,15.3,0.88,1.64,6,HDFC Mutual Fund,2,Equity,ELSS Mutual Funds,10.0,31.0,10.3,21.568627450980394,41.17647058823529,26.47058823529412,24.509803921568626,27.058823529411764,Low,2,Primary risk drivers: Market Sensitivity and Sharpe Risk.,72.54901960784314,75.49019607843137,77.45098039215686,74.90196078431373,1,75.0,74.48039215686275
HDFC Top 100 Fund,100,100,1.11,22139.0,10,Rahul Baijal,3.3,1.75,17.08,0.97,1.39,6,HDFC Mutual Fund,2,Equity,Large Cap Mutual Funds,6.6,28.6,11.9,92.85714285714286,91.07142857142857,25.0,25.0,65.35714285714286,High,4,Primary risk drivers: Volatility and Market Sensitivity.,88.88888888888889,78.57142857142857,78.57142857142857,82.6984126984127,1,75.0,80.0873015873016
HDFC Ultra Short Term Fund,100,100,0.34,13303.0,5,Anil Bamboli,4.46,2.7,0.64,1.1,1.93,3,HDFC Mutual Fund,4,Debt,Ultra Short Duration Funds,5.4,5.5,,73.91304347826086,67.3913043478261,21.73913043478261,21.73913043478261,51.73913043478261,Moderate,3,Primary risk drivers: Volatility and Market Sensitivity.,78.26086956521739,82.6086956521739,82.6086956521739,80.8695652173913,0,100.0,89.91304347826087
HSBC Aggressive Hybrid Fund,500,5000,0.87,4636.0,10,Shriram Ramanathan,2.41,0.57,12.27,0.81,1.26,6,HSBC Mutual Fund,2,Hybrid,Aggressive Hybrid Mutual Funds,-1.2,19.5,8.1,55.00000000000001,53.333333333333336,75.0,91.66666666666666,66.0,High,4,Primary risk drivers: Downside Risk and Sharpe Risk.,26.666666666666668,28.333333333333332,11.666666666666666,22.666666666666668,1,75.0,49.63333333333333
HSBC Arbitrage Fund,500,5000,0.29,2344.0,9,Ritesh Jain,1.54,1.63,0.7,0.63,1.12,1,HSBC Mutual Fund,4,Hybrid,Arbitrage Mutual Funds,5.4,4.7,5.5,36.36363636363637,81.81818181818183,31.818181818181817,22.727272727272727,41.81818181818183,Moderate,3,Primary risk drivers: Market Sensitivity and Volatility.,61.36363636363637,72.72727272727273,81.81818181818183,70.9090909090909,0,100.0,83.54545454545453
HSBC Balanced Advantage Fund,500,5000,0.78,1511.0,10,Ritesh Jain,2.95,0.89,7.21,0.45,1.27,4,HSBC Mutual Fund,3,Hybrid,Dynamic Asset Allocation or Balanced Advantage,3.5,13.4,8.0,10.526315789473683,10.526315789473683,65.78947368421053,57.89473684210527,31.052631578947373,Low,2,Primary risk drivers: Sharpe Risk and Downside Risk.,42.10526315789473,39.473684210526315,47.368421052631575,42.89473684210526,1,75.0,58.78947368421052
HSBC Banking and PSU Debt Fund,500,5000,0.23,3779.0,10,Jalpan Shah,0.64,5.62,2.39,3.36,0.47,3,HSBC Mutual Fund,1,Debt,Banking and PSU Mutual Funds,2.2,6.0,6.5,82.35294117647058,100.0,94.11764705882352,94.11764705882352,90.58823529411765,Very High,5,Primary risk drivers: Market Sensitivity and Sharpe Risk.,23.52941176470588,11.76470588235294,11.76470588235294,16.470588235294116,2,50.0,34.64705882352941
HSBC Business Cycles Fund,500,5000,1.42,535.0,9,Venugopal Manghat,3.13,2.69,17.41,0.97,1.46,6,HSBC Mutual Fund,0,Equity,Sectoral / Thematic Mutual Funds,7.0,28.0,8.7,42.30769230769231,94.87179487179486,42.30769230769231,37.17948717948718,51.794871794871796,Moderate,3,Primary risk drivers: Market Sensitivity and Volatility.,57.05128205128205,58.97435897435898,64.1025641025641,59.74358974358974,0,100.0,79.33333333333333
HSBC Conservative Hybrid Fund,500,5000,1.34,122.0,10,Ritesh Jain,2.3,0.76,4.75,0.74,1.28,4,HSBC Mutual Fund,3,Hybrid,Conservative Hybrid Mutual Funds,2.3,10.3,7.5,70.58823529411765,100.0,88.23529411764706,94.11764705882352,84.70588235294117,Very High,5,Primary risk drivers: Market Sensitivity and Downside Risk.,35.294117647058826,17.647058823529413,11.76470588235294,22.941176470588236,2,50.0,38.94117647058824
HSBC Corporate Bond Fund,500,5000,0.35,157.0,2,Ritesh Jain,0.44,0.67,2.47,1.09,0.39,2,HSBC Mutual Fund,2,Debt,Corporate Bond Mutual Funds,1.7,32.4,13.3,94.44444444444444,94.44444444444444,100.0,100.0,96.66666666666667,Very High,5,Primary risk drivers: Sharpe Risk and Downside Risk.,100.0,5.555555555555555,5.555555555555555,43.33333333333333,2,50.0,58.0
HSBC Corporate Bond Fund,500,5000,0.29,6772.0,10,Shriram Ramanathan,0.67,1.19,3.55,1.68,0.47,3,HSBC Mutual Fund,1,Debt,Corporate Bond Mutual Funds,3.3,6.6,7.6,100.0,100.0,83.33333333333334,83.33333333333334,93.33333333333334,Very High,5,Primary risk drivers: Volatility and Market Sensitivity.,55.55555555555556,22.22222222222222,22.22222222222222,35.55555555555556,2,50.0,46.77777777777778
HSBC Credit Risk Fund,500,5000,0.85,130.0,10,Shriram Ramanathan,0.33,-1.87,3.73,-2.39,0.35,4,HSBC Mutual Fund,3,Debt,Credit Risk Funds,4.8,5.7,5.1,57.14285714285714,35.714285714285715,100.0,100.0,70.0,High,4,Primary risk drivers: Sharpe Risk and Downside Risk.,7.142857142857142,7.142857142857142,7.142857142857142,7.142857142857142,1,75.0,41.07142857142858
HSBC Dynamic Bond Fund,500,5000,0.29,200.0,10,Shriram Ramanathan,0.44,0.67,2.47,1.09,0.39,3,HSBC Mutual Fund,3,Debt,Dynamic Bond,4.7,5.4,6.8,45.23809523809524,64.28571428571429,78.57142857142857,83.33333333333334,63.33333333333334,High,4,Primary risk drivers: Downside Risk and Sharpe Risk.,30.952380952380953,26.190476190476193,21.428571428571427,26.666666666666668,1,75.0,51.69047619047619
HSBC ELSS Fund,500,500,1.16,3007.0,10,Cheenu Gupta,2.8,-0.03,16.03,0.91,1.33,6,HSBC Mutual Fund,1,Equity,ELSS Mutual Funds,-1.2,24.1,8.0,54.90196078431373,54.90196078431373,74.50980392156863,76.47058823529412,63.137254901960794,High,4,Primary risk drivers: Downside Risk and Sharpe Risk.,17.647058823529413,27.450980392156865,25.49019607843137,22.94117647058824,1,75.0,47.911764705882355
HSBC Equity Hybrid Fund,500,5000,1.0,474.0,4,Neelotpal Sahai,2.41,0.57,12.27,0.81,1.26,6,HSBC Mutual Fund,3,Hybrid,Aggressive Hybrid Mutual Funds,1.7,32.4,13.3,55.00000000000001,53.333333333333336,75.0,91.66666666666666,66.0,High,4,Primary risk drivers: Downside Risk and Sharpe Risk.,95.0,28.333333333333332,11.666666666666666,50.0,1,75.0,71.5
HSBC Equity Savings Fund,500,5000,0.62,150.0,10,Ritesh Jain,4.47,5.57,6.24,0.85,1.86,3,HSBC Mutual Fund,2,Hybrid,Equity Savings Mutual Funds,2.9,15.5,7.5,52.38095238095239,38.095238095238095,7.142857142857142,14.285714285714285,32.85714285714286,Low,2,Primary risk drivers: Volatility and Market Sensitivity.,80.95238095238095,97.61904761904762,90.47619047619048,88.80952380952381,1,75.0,80.33333333333333
HSBC Flexi Cap Fund,500,5000,1.23,3097.0,10,Vihang Naik,2.92,0.36,16.25,0.94,1.38,6,HSBC Mutual Fund,2,Equity,Flexi Cap Funds,-1.2,26.4,9.2,63.63636363636363,81.81818181818183,54.54545454545454,54.54545454545454,63.63636363636363,High,4,Primary risk drivers: Market Sensitivity and Volatility.,63.63636363636363,50.0,50.0,55.45454545454545,1,75.0,66.86363636363637
HSBC Flexi Debt Fund,500,5000,0.94,54.0,10,Ritesh Jain,0.44,0.67,2.47,1.09,0.39,3,HSBC Mutual Fund,2,Debt,Dynamic Bond,1.7,32.4,13.3,45.23809523809524,64.28571428571429,78.57142857142857,83.33333333333334,63.33333333333334,High,4,Primary risk drivers: Downside Risk and Sharpe Risk.,100.0,26.190476190476193,21.428571428571427,54.28571428571429,1,75.0,73.78571428571429
HSBC Gilt Fund,500,5000,0.48,231.0,10,Jalpan Shah,0.49,0.51,2.94,0.64,0.41,3,HSBC Mutual Fund,3,Debt,Gilt Mutual Funds,5.0,5.4,7.1,68.42105263157895,60.526315789473685,63.1578947368421,73.68421052631578,66.84210526315789,High,4,Primary risk drivers: Downside Risk and Volatility.,52.63157894736842,42.10526315789473,31.57894736842105,43.1578947368421,1,75.0,60.973684210526315
HSBC Infrastructure Fund,500,5000,1.14,1476.0,10,Venugopal Manghat,3.69,10.03,16.32,0.6,1.78,6,HSBC Mutual Fund,2,Equity,Sectoral / Thematic Mutual Funds,11.3,33.6,9.3,34.61538461538461,14.102564102564102,10.256410256410255,12.82051282051282,21.282051282051285,Low,2,Primary risk drivers: Volatility and Market Sensitivity.,75.64102564102564,91.02564102564102,88.46153846153845,84.1025641025641,1,75.0,77.85897435897435
HSBC Large & Mid Cap Fund,500,5000,1.08,1992.0,4,Neelotpal Sahai,3.02,1.39,15.85,0.91,1.4,6,HSBC Mutual Fund,2,Equity,Large & Mid Cap Funds,-0.6,25.6,,33.33333333333333,54.166666666666664,79.16666666666666,70.83333333333334,54.16666666666667,Moderate,3,Primary risk drivers: Sharpe Risk and Downside Risk.,22.916666666666664,25.0,33.33333333333333,26.666666666666664,0,100.0,62.583333333333336
HSBC Large Cap Fund,500,5000,1.26,1405.0,10,Neelotpal Sahai,2.6,-2.34,16.62,0.97,1.18,6,HSBC Mutual Fund,2,Equity,Large Cap Mutual Funds,0.0,23.3,10.6,83.92857142857143,91.07142857142857,82.14285714285714,83.92857142857143,85.00000000000001,Very High,5,Primary risk drivers: Market Sensitivity and Volatility.,25.925925925925924,21.428571428571427,19.642857142857142,22.69179894179894,2,50.0,36.99272486772487
HSBC Liquid Fund,500,5000,0.12,12043.0,10,Kapil Punjabi,4.42,1.38,0.38,0.77,0.91,2,HSBC Mutual Fund,3,Debt,Liquid Mutual Funds,5.7,4.3,5.3,63.63636363636363,77.27272727272727,54.54545454545454,45.45454545454545,60.90909090909091,High,4,Primary risk drivers: Market Sensitivity and Volatility.,48.484848484848484,48.484848484848484,57.57575757575758,51.21212121212121,1,75.0,62.560606060606055
HSBC Low Duration Fund,500,5000,0.25,467.0,10,Shriram Ramanathan,0.63,0.3,2.32,-0.78,0.58,2,HSBC Mutual Fund,3,Debt,Low Duration Funds,5.2,5.6,5.8,85.0,10.0,95.0,95.0,74.0,High,4,Primary risk drivers: Sharpe Risk and Downside Risk.,40.0,10.0,10.0,22.0,1,75.0,52.1
HSBC Managed Solutions Conservative Fund,500,5000,0.54,34.0,9,Gautam Bhupal,0.86,-1.07,4.45,0.49,0.55,3,HSBC Mutual Fund,2,Other,FoFs Domestic,3.2,6.7,5.9,11.76470588235294,23.52941176470588,64.70588235294117,91.17647058823529,40.588235294117645,Moderate,3,Primary risk drivers: Downside Risk and Sharpe Risk.,10.294117647058822,38.23529411764706,11.76470588235294,19.11764705882353,0,100.0,57.794117647058826
HSBC Managed Solutions Growth Fund,500,5000,1.06,34.0,9,Gautam Bhupal,3.05,1.87,13.16,0.9,1.4,6,HSBC Mutual Fund,2,Other,FoFs Domestic,0.6,22.2,9.2,52.94117647058824,64.70588235294117,36.76470588235294,38.23529411764706,49.117647058823536,Moderate,3,Primary risk drivers: Market Sensitivity and Volatility.,82.35294117647058,66.17647058823529,64.70588235294117,72.20588235294117,0,100.0,88.13235294117646
HSBC Managed Solutions Moderate Fund,500,5000,0.76,58.0,9,Gautam Bhupal,2.81,0.67,10.91,0.74,1.31,5,HSBC Mutual Fund,2,Other,FoFs Domestic,1.2,19.0,8.7,41.17647058823529,44.11764705882353,51.470588235294116,47.05882352941176,45.0,Moderate,3,Primary risk drivers: Sharpe Risk and Downside Risk.,67.64705882352942,51.470588235294116,55.88235294117647,59.26470588235294,0,100.0,81.30882352941177
HSBC Medium Duration Fund,500,5000,0.4,643.0,8,Shriram Ramanathan,0.84,1.93,2.78,0.67,0.76,3,HSBC Mutual Fund,3,Debt,Medium Duration Funds,4.2,7.0,6.7,66.66666666666666,16.666666666666664,50.0,66.66666666666666,53.33333333333333,Moderate,3,Primary risk drivers: Volatility and Downside Risk.,54.166666666666664,58.333333333333336,41.66666666666667,51.66666666666667,0,100.0,76.33333333333333
HSBC Medium to Long Duration Fund,500,5000,0.68,41.0,10,Jalpan Shah,0.11,-0.16,3.1,1.54,0.09,3,HSBC Mutual Fund,1,Debt,Medium to Long Duration Funds,2.7,4.5,6.5,72.72727272727273,90.9090909090909,100.0,100.0,87.27272727272728,Very High,5,Primary risk drivers: Sharpe Risk and Downside Risk.,9.090909090909092,9.090909090909092,9.090909090909092,9.090909090909092,2,50.0,29.545454545454547
HSBC Midcap Fund,500,5000,0.74,6980.0,10,Vihang Naik,3.33,-1.16,14.76,0.8,1.53,6,HSBC Mutual Fund,2,Equity,Mid Cap Mutual Funds,2.3,26.1,8.8,4.3478260869565215,8.695652173913043,76.08695652173914,56.52173913043478,30.000000000000004,Low,2,Primary risk drivers: Sharpe Risk and Downside Risk.,17.391304347826086,28.26086956521739,47.82608695652174,29.782608695652172,1,75.0,49.91304347826087
HSBC Money Market Fund,500,5000,0.25,716.0,10,Shriram Ramanathan,2.45,2.43,0.61,1.31,1.12,2,HSBC Mutual Fund,1,Debt,Money Market Funds,5.2,4.9,6.0,52.94117647058824,73.52941176470588,88.23529411764706,76.47058823529412,68.82352941176471,High,4,Primary risk drivers: Sharpe Risk and Downside Risk.,23.52941176470588,17.647058823529413,29.411764705882355,23.529411764705884,1,75.0,49.26470588235294
HSBC Overnight Fund,500,5000,0.1,2759.0,4,Kapil Punjabi,0.92,0.65,0.34,0.44,0.16,1,HSBC Mutual Fund,5,Debt,Overnight Mutual Funds,5.4,3.9,,30.76923076923077,57.692307692307686,13.461538461538462,15.384615384615385,29.615384615384617,Low,2,Primary risk drivers: Market Sensitivity and Volatility.,57.692307692307686,90.38461538461539,88.46153846153845,76.73076923076923,1,75.0,72.0576923076923
HSBC Short Duration Fund,500,5000,0.27,3592.0,10,Shriram Ramanathan,1.18,4.85,1.72,2.63,0.78,2,HSBC Mutual Fund,2,Debt,Short Duration Funds,3.8,6.0,6.7,52.38095238095239,95.23809523809523,80.95238095238095,90.47619047619048,74.28571428571429,High,4,Primary risk drivers: Market Sensitivity and Downside Risk.,23.809523809523807,23.809523809523807,14.285714285714285,20.95238095238095,1,75.0,48.547619047619044
HSBC Small Cap Fund,500,5000,0.77,8625.0,9,Venugopal Manghat,4.16,9.87,17.95,0.82,2.08,6,HSBC Mutual Fund,3,Equity,Small Cap Mutual Funds,5.1,44.7,12.7,36.0,52.0,16.0,38.0,35.6,Low,2,Primary risk drivers: Market Sensitivity and Downside Risk.,80.0,88.0,66.0,78.2,1,75.0,76.96000000000001
HSBC Tax Saver Equity Fund,500,5000,1.3,175.0,10,Gautam Bhupal,3.05,-1.65,16.52,0.96,1.26,6,HSBC Mutual Fund,2,Equity,ELSS Mutual Funds,-2.2,24.7,8.9,72.54901960784314,87.25490196078431,84.31372549019608,62.745098039215684,75.88235294117646,High,4,Primary risk drivers: Market Sensitivity and Sharpe Risk.,23.52941176470588,17.647058823529413,39.21568627450981,26.47058823529412,1,75.0,50.147058823529406
HSBC Ultra Short Duration Fund,500,5000,0.22,2279.0,3,Mahesh A Chhabria,3.5,2.48,0.54,1.17,1.69,2,HSBC Mutual Fund,3,Debt,Ultra Short Duration Funds,5.5,5.1,,52.17391304347826,82.6086956521739,47.82608695652174,52.17391304347826,57.39130434782609,Moderate,3,Primary risk drivers: Market Sensitivity and Volatility.,47.82608695652174,56.52173913043478,52.17391304347826,51.73913043478261,0,100.0,75.08695652173913
HSBC Value Fund,500,5000,0.84,7781.0,10,Venugopal Manghat,3.18,6.92,17.01,0.96,1.69,6,HSBC Mutual Fund,3,Equity,Value Funds,6.8,33.0,11.6,76.92307692307693,69.23076923076923,23.076923076923077,69.23076923076923,63.07692307692308,High,4,Primary risk drivers: Volatility and Market Sensitivity.,76.92307692307693,84.61538461538461,38.46153846153847,67.69230769230771,1,75.0,73.1923076923077
ICICI Pru All Seasons Bond Fund,100,5000,0.62,6754.0,10,Manish Banthia,2.39,2.84,2.25,0.98,1.38,3,ICICI Prudential Mutual Fund,5,Debt,Dynamic Bond,6.5,7.5,8.2,38.095238095238095,47.61904761904761,4.761904761904762,9.523809523809524,27.61904761904762,Low,2,Primary risk drivers: Market Sensitivity and Volatility.,85.71428571428571,100.0,95.23809523809523,92.85714285714285,1,75.0,82.5
ICICI Pru Asset Allocator Fund,1000,5000,0.18,18393.0,10,Dharmesh Kakkad,5.89,7.45,8.68,0.53,1.99,4,ICICI Prudential Mutual Fund,4,Other,FoFs Domestic,8.8,21.6,12.8,26.47058823529412,27.941176470588236,5.88235294117647,2.941176470588235,17.94117647058824,Very Low,1,Primary risk drivers: Market Sensitivity and Volatility.,70.58823529411765,97.05882352941177,100.0,87.3529411764706,2,50.0,65.32352941176471
ICICI Pru Balanced Advantage Fund,100,500,0.91,44515.0,10,Sankaran Naren,5.59,5.34,8.33,0.54,1.84,5,ICICI Prudential Mutual Fund,4,Hybrid,Dynamic Asset Allocation or Balanced Advantage,6.7,19.7,10.4,31.57894736842105,39.473684210526315,5.263157894736842,5.263157894736842,22.631578947368425,Low,2,Primary risk drivers: Market Sensitivity and Volatility.,89.47368421052632,100.0,100.0,95.78947368421052,1,75.0,84.13157894736841
ICICI Pru Banking & Financial Services – DirectGrowth,100,5000,1.1,5871.0,10,Roshan Chutkey,2.23,3.74,23.41,0.87,1.06,6,ICICI Prudential Mutual Fund,3,Equity,Sectoral / Thematic Mutual Funds,7.0,24.9,9.7,93.58974358974359,71.15384615384616,80.12820512820514,78.84615384615384,83.46153846153848,Very High,5,Primary risk drivers: Volatility and Sharpe Risk.,35.8974358974359,21.153846153846153,22.435897435897438,27.435897435897434,2,50.0,40.41025641025641
ICICI Pru Banking & PSU Debt Fund,100,500,0.38,7265.0,10,Rahul Goswami,2.64,4.03,1.75,1.21,1.37,2,ICICI Prudential Mutual Fund,5,Debt,Banking and PSU Mutual Funds,5.8,6.9,7.2,35.294117647058826,17.647058823529413,5.88235294117647,17.647058823529413,22.35294117647059,Low,2,Primary risk drivers: Volatility and Market Sensitivity.,85.29411764705883,100.0,88.23529411764706,90.58823529411765,1,75.0,81.73529411764706
ICICI Pru BHARAT 22 FOF  – Direct Growth,1000,5000,0.08,89.0,5,Kayzad Eghlim,2.76,9.68,20.2,0.88,1.47,6,ICICI Prudential Mutual Fund,5,Other,FoFs Domestic,22.1,35.0,,100.0,61.76470588235294,23.52941176470588,50.0,67.05882352941177,High,4,Primary risk drivers: Volatility and Market Sensitivity.,97.05882352941177,79.41176470588235,52.94117647058824,78.52941176470588,1,75.0,80.47058823529412
ICICI Pru Bharat Consumption Fund,100,5000,1.54,1866.0,4,Sankaran Naren,3.37,4.95,11.73,0.6,1.6,6,ICICI Prudential Mutual Fund,3,Equity,Sectoral / Thematic Mutual Funds,10.2,22.7,,2.564102564102564,14.102564102564102,24.358974358974358,30.76923076923077,14.871794871794872,Very Low,1,Primary risk drivers: Downside Risk and Sharpe Risk.,20.51282051282051,76.92307692307693,70.51282051282051,52.43589743589744,2,50.0,44.83333333333333
ICICI Pru Bluechip Fund,100,100,1.06,34198.0,10,Anish Tawakley,3.59,3.05,15.23,0.9,1.53,6,ICICI Prudential Mutual Fund,4,Equity,Large Cap Mutual Funds,4.4,28.2,12.3,17.857142857142858,30.357142857142854,7.142857142857142,10.714285714285714,16.78571428571429,Very Low,1,Primary risk drivers: Market Sensitivity and Volatility.,85.18518518518519,96.42857142857143,92.85714285714286,90.85978835978837,2,50.0,69.29497354497354
ICICI Pru Bond Fund,100,5000,0.6,2223.0,10,Manish Banthia,1.2,1.58,2.69,1.26,0.72,3,ICICI Prudential Mutual Fund,3,Debt,Medium to Long Duration Funds,5.2,6.9,7.3,36.36363636363637,36.36363636363637,27.27272727272727,27.27272727272727,32.72727272727273,Low,2,Primary risk drivers: Volatility and Market Sensitivity.,77.27272727272727,81.81818181818183,81.81818181818183,80.0,1,75.0,76.95454545454545
ICICI Pru Child Care Fund,100,5000,1.69,844.0,10,Manish Banthia,2.86,2.18,11.15,0.74,1.42,6,ICICI Prudential Mutual Fund,3,Solution Oriented,Childrens Funds,1.0,19.8,8.8,25.0,25.0,50.0,50.0,35.0,Low,2,Primary risk drivers: Sharpe Risk and Downside Risk.,62.5,62.5,62.5,62.5,1,75.0,68.75
ICICI Pru Corporate Bond Fund,100,100,0.3,16998.0,10,Rahul Goswami,3.07,2.35,1.67,0.68,1.52,2,ICICI Prudential Mutual Fund,5,Debt,Corporate Bond Mutual Funds,5.8,7.0,7.3,16.666666666666664,44.44444444444444,11.11111111111111,5.555555555555555,18.88888888888889,Very Low,1,Primary risk drivers: Market Sensitivity and Volatility.,83.33333333333334,94.44444444444444,100.0,91.66666666666667,2,50.0,69.16666666666667
ICICI Pru Credit Risk Fund,100,100,0.86,7584.0,10,Manish Banthia,3.18,3.97,1.59,0.42,2.15,4,ICICI Prudential Mutual Fund,4,Debt,Credit Risk Funds,5.8,8.0,8.1,7.142857142857142,85.71428571428571,7.142857142857142,14.285714285714285,24.285714285714285,Low,2,Primary risk drivers: Market Sensitivity and Downside Risk.,53.57142857142857,100.0,92.85714285714286,79.28571428571429,1,75.0,72.0
ICICI Pru Debt Management Fund,100,100,0.41,141.0,10,Manish Banthia,3.01,2.07,1.61,0.53,1.38,3,ICICI Prudential Mutual Fund,4,Other,FoFs Domestic,5.8,6.7,7.0,2.941176470588235,27.941176470588236,44.11764705882353,42.64705882352941,24.11764705882353,Low,2,Primary risk drivers: Sharpe Risk and Downside Risk.,10.294117647058822,58.82352941176471,60.29411764705882,39.85294117647059,1,75.0,51.51470588235294
ICICI Pru Dividend Yield Equity Fund,100,5000,0.66,1258.0,9,Mittul Kalawadia,5.06,10.39,15.42,0.83,1.94,6,ICICI Prudential Mutual Fund,0,Equity,Dividend Yield Funds,8.5,37.6,12.1,83.33333333333334,83.33333333333334,33.33333333333333,16.666666666666664,60.0,High,4,Primary risk drivers: Volatility and Market Sensitivity.,83.33333333333334,83.33333333333334,100.0,88.33333333333334,1,75.0,80.66666666666667
ICICI Pru Equity & Debt Fund,100,5000,1.2,21232.0,10,Sankaran Naren,4.15,9.56,14.26,0.84,1.75,6,ICICI Prudential Mutual Fund,5,Hybrid,Aggressive Hybrid Mutual Funds,6.8,30.6,14.3,90.0,75.0,10.0,3.3333333333333335,53.666666666666664,Moderate,3,Primary risk drivers: Volatility and Market Sensitivity.,90.0,93.33333333333333,100.0,94.0,0,100.0,96.2
ICICI Pru Equity – Arbitrage Fund,1000,5000,0.39,11272.0,10,Kayzad Eghlim,1.27,1.59,0.75,0.63,0.99,1,ICICI Prudential Mutual Fund,3,Hybrid,Arbitrage Mutual Funds,5.6,4.8,5.5,86.36363636363636,81.81818181818183,45.45454545454545,45.45454545454545,69.0909090909091,High,4,Primary risk drivers: Volatility and Market Sensitivity.,70.45454545454545,59.09090909090909,59.09090909090909,63.63636363636363,1,75.0,70.68181818181819
ICICI Pru Equity Savings Fund,100,5000,0.54,4936.0,8,Kayzad Eghlim,5.26,4.82,4.82,0.57,1.84,2,ICICI Prudential Mutual Fund,3,Hybrid,Equity Savings Mutual Funds,6.2,12.7,7.9,9.523809523809524,4.761904761904762,14.285714285714285,4.761904761904762,8.571428571428571,Very Low,1,Primary risk drivers: Sharpe Risk and Volatility.,50.0,90.47619047619048,100.0,77.14285714285714,2,50.0,58.14285714285714
ICICI Pru Exports and Services Fund,1000,5000,1.76,1040.0,10,Sankaran Naren,4.35,6.7,14.06,0.78,1.78,6,ICICI Prudential Mutual Fund,0,Equity,Sectoral / Thematic Mutual Funds,5.7,30.7,11.4,12.82051282051282,46.794871794871796,10.256410256410255,2.564102564102564,17.05128205128205,Very Low,1,Primary risk drivers: Market Sensitivity and Volatility.,64.1025641025641,91.02564102564102,98.71794871794873,82.56410256410257,2,50.0,62.58974358974359
ICICI Pru Floating Interest Fund,100,500,0.62,11650.0,10,Rahul Goswami,2.75,3.22,1.77,0.47,1.46,2,ICICI Prudential Mutual Fund,2,Debt,Floater Mutual Funds,6.3,7.0,7.2,85.71428571428571,14.285714285714285,57.14285714285714,57.14285714285714,60.0,High,4,Primary risk drivers: Volatility and Sharpe Risk.,92.85714285714286,57.14285714285714,57.14285714285714,71.42857142857143,1,75.0,77.5
ICICI Pru FMCG Fund,100,5000,1.44,1156.0,10,Priyanka Khandelwal,3.73,7.44,11.56,0.47,1.61,6,ICICI Prudential Mutual Fund,0,Equity,Sectoral / Thematic Mutual Funds,21.1,24.5,13.5,1.282051282051282,2.564102564102564,21.794871794871796,10.897435897435898,7.564102564102565,Very Low,1,Primary risk drivers: Sharpe Risk and Downside Risk.,32.05128205128205,79.48717948717949,90.38461538461539,63.782051282051285,2,50.0,50.544871794871796
ICICI Pru Focused Equity Fund,100,5000,0.59,3920.0,10,Sankaran Naren,3.27,4.86,15.84,0.89,1.62,6,ICICI Prudential Mutual Fund,4,Equity,Focused Funds,6.1,31.2,13.4,23.684210526315788,26.31578947368421,10.526315789473683,31.57894736842105,23.157894736842103,Low,2,Primary risk drivers: Downside Risk and Market Sensitivity.,84.21052631578947,94.73684210526315,73.68421052631578,84.21052631578947,1,75.0,79.60526315789473
ICICI Pru Gilt Fund,1000,5000,0.56,2692.0,10,Rahul Goswami,1.22,1.87,3.2,0.69,0.82,3,ICICI Prudential Mutual Fund,5,Debt,Gilt Mutual Funds,6.3,6.7,8.4,84.21052631578947,81.57894736842105,10.526315789473683,10.526315789473683,54.21052631578948,Moderate,3,Primary risk drivers: Volatility and Market Sensitivity.,94.73684210526315,94.73684210526315,94.73684210526315,94.73684210526315,0,100.0,97.36842105263158
ICICI Pru Income Optimizer Fund,1000,5000,0.26,272.0,10,Dharmesh Kakkad,5.43,5.75,3.85,0.47,2.37,3,ICICI Prudential Mutual Fund,5,Other,FoFs Domestic,7.8,13.3,8.8,8.823529411764707,20.588235294117645,2.941176470588235,5.88235294117647,9.411764705882351,Very Low,1,Primary risk drivers: Market Sensitivity and Volatility.,54.41176470588235,100.0,97.05882352941177,80.88235294117646,2,50.0,60.14705882352941
ICICI Pru India Equity FOF – Direct Growth,100,500,0.88,62.0,3,Dharmesh Kakkad,3.95,6.83,15.57,0.84,1.71,6,ICICI Prudential Mutual Fund,5,Other,FoFs Domestic,4.9,32.2,,88.23529411764706,54.41176470588235,14.705882352941178,17.647058823529413,52.64705882352942,Moderate,3,Primary risk drivers: Volatility and Market Sensitivity.,94.11764705882352,88.23529411764706,85.29411764705883,89.70588235294119,0,100.0,95.73529411764706
ICICI Pru India Opportunities Fund,100,5000,0.73,7644.0,4,Sankaran Naren,3.51,9.93,19.93,0.99,1.67,6,ICICI Prudential Mutual Fund,0,Equity,Sectoral / Thematic Mutual Funds,11.7,44.7,,65.38461538461539,96.7948717948718,19.871794871794872,21.794871794871796,53.84615384615385,Moderate,3,Primary risk drivers: Market Sensitivity and Volatility.,97.43589743589743,81.41025641025641,79.48717948717949,87.24358974358975,0,100.0,95.66025641025641
ICICI Pru Infrastructure Fund,100,5000,1.64,2269.0,10,Ihab Dalwai,4.04,11.76,20.09,0.78,1.83,6,ICICI Prudential Mutual Fund,5,Equity,Sectoral / Thematic Mutual Funds,24.3,44.0,15.1,67.94871794871796,46.794871794871796,3.8461538461538463,5.128205128205128,38.33333333333333,Low,2,Primary risk drivers: Volatility and Market Sensitivity.,94.87179487179486,97.43589743589743,96.15384615384616,96.02564102564102,1,75.0,85.28205128205128
ICICI Pru Large & Mid Cap Fund,100,5000,1.09,7044.0,10,Ihab Dalwai,3.99,7.49,17.05,0.92,1.68,6,ICICI Prudential Mutual Fund,4,Equity,Large & Mid Cap Funds,9.5,33.2,13.7,79.16666666666666,62.5,4.166666666666666,4.166666666666666,45.833333333333336,Moderate,3,Primary risk drivers: Volatility and Market Sensitivity.,91.66666666666666,100.0,100.0,96.66666666666666,0,100.0,97.33333333333333
ICICI Pru Liquid Fund,99,99,0.2,47245.0,10,Rahul Goswami,4.39,1.39,0.38,0.78,0.94,3,ICICI Prudential Mutual Fund,2,Debt,Liquid Mutual Funds,5.6,4.3,5.3,63.63636363636363,84.84848484848484,42.42424242424242,48.484848484848484,60.6060606060606,High,4,Primary risk drivers: Market Sensitivity and Volatility.,48.484848484848484,60.60606060606061,54.54545454545454,53.93939393939394,1,75.0,63.378787878787875
ICICI Pru Long Term Equity Fund,500,500,1.23,9819.0,10,Harish Bihani,0.06,6.9,4.06,5.04,0.04,6,ICICI Prudential Mutual Fund,3,Equity,ELSS Mutual Funds,-0.2,27.1,11.5,1.9607843137254901,100.0,100.0,100.0,60.78431372549019,High,4,Primary risk drivers: Market Sensitivity and Sharpe Risk.,42.15686274509804,1.9607843137254901,1.9607843137254901,18.039215686274513,1,75.0,51.34313725490196
ICICI Pru Long Term Wealth Enhancement Fund,0,500,0.97,32.0,5,Rajat Chandak,3.33,0.78,16.64,0.95,1.39,6,ICICI Prudential Mutual Fund,0,Equity,ELSS Mutual Funds,-0.7,33.7,11.3,76.47058823529412,82.35294117647058,60.78431372549019,43.13725490196079,67.84313725490196,High,4,Primary risk drivers: Market Sensitivity and Volatility.,79.41176470588235,41.17647058823529,58.82352941176471,61.76470588235294,1,75.0,71.91176470588235
ICICI Pru Manufacturing Fund,100,5000,1.7,645.0,4,Anish Tawakley,3.44,7.67,17.45,0.94,1.71,6,ICICI Prudential Mutual Fund,0,Equity,Sectoral / Thematic Mutual Funds,8.6,35.6,,43.58974358974359,87.17948717948718,16.666666666666664,26.923076923076923,43.5897435897436,Moderate,3,Primary risk drivers: Market Sensitivity and Volatility.,83.97435897435898,84.61538461538461,74.35897435897436,81.28205128205128,0,100.0,91.17948717948718
ICICI Pru Medium Term Bond Fund,1000,5000,0.77,6305.0,10,Manish Banthia,1.69,2.74,2.28,0.69,1.29,4,ICICI Prudential Mutual Fund,4,Debt,Medium Duration Funds,5.6,7.7,7.6,25.0,25.0,16.666666666666664,41.66666666666667,26.666666666666664,Low,2,Primary risk drivers: Downside Risk and Volatility.,83.33333333333334,91.66666666666666,66.66666666666666,80.83333333333333,1,75.0,78.41666666666667
ICICI Pru MidCap Fund,100,5000,1.16,3492.0,10,Lalit Kumar,3.32,0.33,17.76,0.96,1.62,6,ICICI Prudential Mutual Fund,3,Equity,Mid Cap Mutual Funds,3.9,32.9,11.1,89.13043478260869,86.95652173913044,52.17391304347826,60.86956521739131,75.65217391304348,High,4,Primary risk drivers: Volatility and Market Sensitivity.,60.86956521739131,52.17391304347826,43.47826086956522,53.04347826086956,1,75.0,65.58695652173913
ICICI Pru Money Market Fund,100,500,0.21,11475.0,10,Rahul Goswami,4.38,2.82,0.67,1.25,1.72,3,ICICI Prudential Mutual Fund,3,Debt,Money Market Funds,5.5,5.4,6.1,76.47058823529412,58.82352941176471,58.82352941176471,58.82352941176471,65.88235294117648,High,4,Primary risk drivers: Volatility and Market Sensitivity.,79.41176470588235,47.05882352941176,47.05882352941176,60.0,1,75.0,71.38235294117646
ICICI Pru Multi-Asset Fund,100,5000,1.15,16449.0,10,Sankaran Naren,3.99,10.44,13.67,0.81,1.85,6,ICICI Prudential Mutual Fund,4,Hybrid,Multi Asset Allocation Mutual Funds,11.3,31.3,14.2,71.42857142857143,71.42857142857143,14.285714285714285,28.57142857142857,51.42857142857143,Moderate,3,Primary risk drivers: Volatility and Market Sensitivity.,71.42857142857143,100.0,85.71428571428571,84.28571428571428,0,100.0,89.57142857142857
ICICI Pru Multicap Fund,100,5000,1.02,6929.0,10,Sankaran Naren,3.31,3.09,16.79,0.94,1.49,6,ICICI Prudential Mutual Fund,0,Equity,Multi Cap Funds,5.7,29.1,11.8,60.0,60.0,50.0,60.0,58.0,Moderate,3,Primary risk drivers: Volatility and Market Sensitivity.,60.0,60.0,50.0,57.0,0,100.0,79.1
ICICI Pru Nifty 50 Index Fund,100,100,0.17,3977.0,10,Kayzad Eghlim,3.46,-0.72,16.8,1.0,1.3,6,ICICI Prudential Mutual Fund,3,Other,Index Funds,0.9,26.1,11.9,50.0,75.0,41.66666666666667,20.0,47.333333333333336,Moderate,3,Primary risk drivers: Market Sensitivity and Volatility.,80.0,61.66666666666667,83.33333333333334,75.5,0,100.0,88.65
ICICI Pru Nifty Next 50 Index Fund,100,100,0.3,2415.0,10,Kayzad Eghlim,1.7,-4.7,18.11,0.98,0.97,6,ICICI Prudential Mutual Fund,1,Other,Index Funds,-6.4,22.0,6.1,86.66666666666667,15.0,86.66666666666667,93.33333333333333,73.66666666666667,High,4,Primary risk drivers: Downside Risk and Volatility.,13.333333333333334,16.666666666666664,10.0,13.333333333333332,1,75.0,44.166666666666664
ICICI Pru Overnight Fund,500,100,0.1,12837.0,4,Rahul Goswami,-0.25,0.54,0.35,0.42,-0.05,1,ICICI Prudential Mutual Fund,3,Debt,Overnight Mutual Funds,5.4,3.9,,73.07692307692307,23.076923076923077,69.23076923076923,67.3076923076923,61.153846153846146,High,4,Primary risk drivers: Volatility and Sharpe Risk.,57.692307692307686,34.61538461538461,36.53846153846153,44.42307692307692,1,75.0,62.36538461538461
ICICI Pru P.H.D Fund,100,5000,1.22,2538.0,5,Dharmesh Kakkad,2.68,3.7,21.09,0.96,1.03,6,ICICI Prudential Mutual Fund,0,Equity,Sectoral / Thematic Mutual Funds,-6.0,25.0,,74.35897435897436,92.94871794871796,82.05128205128204,54.48717948717948,75.64102564102565,High,4,Primary risk drivers: Market Sensitivity and Sharpe Risk.,38.46153846153847,19.230769230769234,46.794871794871796,35.19230769230769,1,75.0,55.75
ICICI Pru Passive Strategy Fund,1000,5000,0.06,93.0,10,Dharmesh Kakkad,3.11,1.99,14.83,0.84,1.46,6,ICICI Prudential Mutual Fund,3,Other,FoFs Domestic,4.9,26.3,10.9,85.29411764705883,54.41176470588235,26.47058823529412,32.35294117647059,56.76470588235294,Moderate,3,Primary risk drivers: Volatility and Market Sensitivity.,91.17647058823529,76.47058823529412,70.58823529411765,80.58823529411764,0,100.0,92.41176470588235
ICICI Pru Regular Gold Savings Fund,100,100,0.09,671.0,10,Manish Banthia,1.1,-0.21,14.0,0.99,0.49,5,ICICI Prudential Mutual Fund,3,Other,FoFs Domestic,14.3,11.7,13.1,70.58823529411765,85.29411764705883,72.05882352941177,67.64705882352942,73.23529411764707,High,4,Primary risk drivers: Market Sensitivity and Sharpe Risk.,23.52941176470588,30.88235294117647,35.294117647058826,29.264705882352942,1,75.0,50.98529411764706
ICICI Pru Regular Savings Fund,100,5000,0.99,3212.0,10,Manish Banthia,3.57,3.21,3.41,0.5,2.0,4,ICICI Prudential Mutual Fund,5,Hybrid,Conservative Hybrid Mutual Funds,5.5,11.3,9.0,17.647058823529413,14.705882352941178,29.411764705882355,35.294117647058826,22.941176470588236,Low,2,Primary risk drivers: Downside Risk and Sharpe Risk.,52.94117647058824,76.47058823529412,70.58823529411765,65.29411764705883,1,75.0,67.6764705882353
ICICI Pru Retirement Fund,100,5000,1.22,209.0,4,Lalit Kumar,2.78,2.63,11.88,0.78,1.44,6,ICICI Prudential Mutual Fund,5,Solution Oriented,Retirement Funds,0.1,31.3,,60.0,52.5,30.0,35.0,47.5,Moderate,3,Primary risk drivers: Volatility and Market Sensitivity.,85.0,75.0,70.0,77.5,0,100.0,90.25
ICICI Pru Retirement Fund,100,5000,1.12,152.0,4,Lalit Kumar,2.43,1.02,4.45,0.64,1.26,6,ICICI Prudential Mutual Fund,3,Solution Oriented,Retirement Funds,1.7,32.4,13.3,25.0,25.0,42.5,50.0,33.5,Low,2,Primary risk drivers: Downside Risk and Sharpe Risk.,90.0,62.5,55.00000000000001,71.25,1,75.0,76.875
ICICI Pru Retirement Fund,100,5000,1.0,59.0,4,Lalit Kumar,2.16,2.1,2.28,0.93,1.04,4,ICICI Prudential Mutual Fund,3,Solution Oriented,Retirement Funds,2.0,9.9,,10.0,90.0,62.5,70.0,48.5,Moderate,3,Primary risk drivers: Market Sensitivity and Downside Risk.,30.0,42.5,35.0,35.25,0,100.0,66.575
ICICI Pru Retirement Fund,100,5000,1.29,175.0,4,Manish Banthia,3.51,8.42,15.15,0.75,1.71,3,ICICI Prudential Mutual Fund,3,Solution Oriented,Retirement Funds,4.6,6.8,,90.0,40.0,25.0,20.0,53.0,Moderate,3,Primary risk drivers: Volatility and Market Sensitivity.,15.0,80.0,85.0,55.5,0,100.0,69.65
ICICI Pru S&P BSE Sensex Index Fund,100,100,0.16,694.0,6,Kayzad Eghlim,3.24,-1.12,16.97,1.0,1.27,6,ICICI Prudential Mutual Fund,4,Other,Index Funds,1.4,25.8,12.9,63.33333333333333,75.0,65.0,55.00000000000001,64.33333333333333,High,4,Primary risk drivers: Market Sensitivity and Sharpe Risk.,55.00000000000001,38.333333333333336,48.333333333333336,48.0,1,75.0,62.9
ICICI Pru Savings Fund,100,100,0.4,21144.0,10,Rahul Goswami,2.65,3.0,1.3,0.87,1.41,2,ICICI Prudential Mutual Fund,2,Debt,Low Duration Funds,5.7,6.2,6.7,72.5,40.0,60.0,80.0,65.0,High,4,Primary risk drivers: Downside Risk and Volatility.,77.5,45.0,25.0,52.0,1,75.0,68.6
ICICI Pru Short Term Fund,1000,5000,0.39,14561.0,10,Manish Banthia,3.78,4.86,1.7,1.42,1.75,3,ICICI Prudential Mutual Fund,4,Debt,Short Duration Funds,6.4,7.5,7.7,45.23809523809524,28.57142857142857,4.761904761904762,9.523809523809524,26.66666666666667,Low,2,Primary risk drivers: Volatility and Market Sensitivity.,80.95238095238095,100.0,95.23809523809523,90.95238095238095,1,75.0,80.97619047619047
ICICI Pru Smallcap Fund,100,5000,0.81,4618.0,10,Harish Bihani,4.72,8.49,18.41,0.82,1.94,6,ICICI Prudential Mutual Fund,3,Equity,Small Cap Mutual Funds,7.7,41.8,14.9,56.00000000000001,52.0,48.0,4.0,43.2,Moderate,3,Primary risk drivers: Volatility and Market Sensitivity.,48.0,56.00000000000001,100.0,66.0,0,100.0,79.4
ICICI Pru Technology Fund,100,5000,0.99,8993.0,10,Vaibhav Dusad,2.41,9.3,23.4,0.92,1.48,6,ICICI Prudential Mutual Fund,0,Equity,Sectoral / Thematic Mutual Funds,-19.7,45.3,21.6,92.3076923076923,80.76923076923077,37.82051282051282,67.3076923076923,74.1025641025641,High,4,Primary risk drivers: Volatility and Market Sensitivity.,98.71794871794873,63.46153846153846,33.97435897435898,68.71794871794873,1,75.0,77.85897435897436
ICICI Pru Thematic Advantage Fund,1000,5000,0.25,958.0,10,Dharmesh Kakkad,4.13,6.63,18.22,0.98,1.63,6,ICICI Prudential Mutual Fund,0,Other,FoFs Domestic,5.4,35.4,14.6,94.11764705882352,77.94117647058823,17.647058823529413,11.76470588235294,59.11764705882353,Moderate,3,Primary risk drivers: Volatility and Market Sensitivity.,100.0,85.29411764705883,91.17647058823529,92.94117647058823,0,100.0,97.88235294117646
ICICI Pru Ultra Short Term Fund,1000,5000,0.39,12447.0,10,Manish Banthia,4.76,2.36,0.68,0.54,2.4,3,ICICI Prudential Mutual Fund,4,Debt,Ultra Short Duration Funds,5.7,5.9,6.7,78.26086956521739,21.73913043478261,4.3478260869565215,8.695652173913043,38.26086956521739,Low,2,Primary risk drivers: Volatility and Market Sensitivity.,86.95652173913044,100.0,95.65217391304348,93.47826086956523,1,75.0,82.93478260869566
ICICI Pru Value Discovery Fund,100,1000,1.22,27449.0,10,Sankaran Naren,4.4,11.82,14.61,0.8,2.04,6,ICICI Prudential Mutual Fund,4,Equity,Value Funds,8.9,36.9,14.9,7.6923076923076925,7.6923076923076925,7.6923076923076925,7.6923076923076925,7.6923076923076925,Very Low,1,Primary risk drivers: Volatility and Market Sensitivity.,92.3076923076923,100.0,100.0,96.92307692307693,2,50.0,72.53846153846155
IDBI Banking & Financial Services Fund,500,5000,1.5,81.0,5,Alok Ranjan,1.99,-1.2,22.62,0.86,0.88,6,IDBI Mutual Fund,2,Equity,Sectoral / Thematic Mutual Funds,4.8,20.3,,87.17948717948718,67.3076923076923,97.43589743589743,92.94871794871796,86.41025641025641,Very High,5,Primary risk drivers: Sharpe Risk and Downside Risk.,6.41025641025641,3.8461538461538463,8.333333333333332,6.217948717948717,2,50.0,28.147435897435894
IDBI Credit Risk Fund,500,5000,0.61,22.0,9,Raju Sharma,3.09,3.08,6.23,-2.49,1.03,4,IDBI Mutual Fund,3,Debt,Credit Risk Funds,4.3,11.3,3.7,85.71428571428571,28.57142857142857,57.14285714285714,21.428571428571427,55.714285714285715,Moderate,3,Primary risk drivers: Volatility and Sharpe Risk.,92.85714285714286,50.0,85.71428571428571,77.85714285714286,0,100.0,91.92857142857143
IDBI Dividend Yield Fund,500,5000,1.5,85.0,4,Alok Ranjan,2.79,1.29,14.28,0.81,1.43,6,IDBI Mutual Fund,0,Equity,Dividend Yield Funds,0.1,25.2,,50.0,50.0,83.33333333333334,100.0,66.66666666666667,High,4,Primary risk drivers: Downside Risk and Sharpe Risk.,16.666666666666664,33.33333333333333,16.666666666666664,21.666666666666664,1,75.0,47.333333333333336
IDBI Equity Advantage Fund,500,500,1.21,455.0,10,Alok Ranjan,2.4,-1.93,14.59,0.8,1.15,6,IDBI Mutual Fund,2,Equity,ELSS Mutual Funds,-0.7,33.7,11.3,13.725490196078432,5.88235294117647,92.15686274509804,90.19607843137256,43.13725490196079,Moderate,3,Primary risk drivers: Sharpe Risk and Downside Risk.,79.41176470588235,9.803921568627452,11.76470588235294,38.23529411764706,0,100.0,77.35294117647058
IDBI Equity Savings Fund,500,5000,1.15,9.77,10,Alok Ranjan,2.48,0.39,7.12,1.05,1.11,4,IDBI Mutual Fund,2,Hybrid,Equity Savings Mutual Funds,2.5,11.8,7.2,85.71428571428571,85.71428571428571,95.23809523809523,85.71428571428571,87.61904761904762,Very High,5,Primary risk drivers: Sharpe Risk and Volatility.,23.809523809523807,9.523809523809524,19.047619047619047,18.095238095238095,2,50.0,35.19047619047619
IDBI Focused 30 Equity Fund,500,5000,1.61,125.0,5,Alok Ranjan,3.11,-0.57,16.02,0.94,1.29,6,IDBI Mutual Fund,3,Equity,Focused Funds,0.1,25.2,10.2,31.57894736842105,68.42105263157895,57.89473684210527,52.63157894736842,48.42105263157895,Moderate,3,Primary risk drivers: Market Sensitivity and Sharpe Risk.,47.368421052631575,47.368421052631575,52.63157894736842,48.94736842105263,0,100.0,74.1578947368421
IDBI Gold Fund,500,5000,0.26,42.0,10,Nitin Dattaram Dalvi,0.82,-0.02,16.54,1.0,0.42,5,IDBI Mutual Fund,3,Other,FoFs Domestic,15.0,12.1,12.9,91.17647058823529,91.17647058823529,94.11764705882352,94.11764705882352,92.3529411764706,Very High,5,Primary risk drivers: Sharpe Risk and Downside Risk.,36.76470588235294,8.823529411764707,8.823529411764707,20.000000000000004,2,50.0,38.35294117647059
IDBI Healthcare Fund,500,5000,1.24,49.0,4,Alok Ranjan,1.57,-3.1,20.52,0.95,0.71,6,IDBI Mutual Fund,0,Equity,Sectoral / Thematic Mutual Funds,-13.0,17.1,,70.51282051282051,90.38461538461539,100.0,100.0,86.28205128205128,Very High,5,Primary risk drivers: Sharpe Risk and Downside Risk.,1.282051282051282,1.282051282051282,1.282051282051282,1.282051282051282,2,50.0,25.64102564102564
IDBI Hybrid Equity Fund,500,5000,1.67,171.0,6,Alok Ranjan,2.66,-0.86,11.4,0.78,1.18,6,IDBI Mutual Fund,2,Hybrid,Aggressive Hybrid Mutual Funds,-1.8,17.5,7.0,13.333333333333334,23.333333333333332,86.66666666666667,73.33333333333333,42.0,Moderate,3,Primary risk drivers: Sharpe Risk and Downside Risk.,13.333333333333334,16.666666666666664,30.0,19.333333333333332,0,100.0,58.46666666666666
IDBI India Top 100 Equity Fund,500,5000,1.26,599.0,10,Alok Ranjan,2.94,0.51,15.82,0.93,1.36,6,IDBI Mutual Fund,4,Equity,Large Cap Mutual Funds,0.5,26.0,12.4,50.0,60.71428571428571,33.92857142857143,58.92857142857143,50.71428571428571,Moderate,3,Primary risk drivers: Market Sensitivity and Downside Risk.,68.51851851851852,69.64285714285714,44.642857142857146,61.6931216931217,0,100.0,82.21164021164022
IDBI Liquid Fund,500,5000,0.13,763.0,10,Raju Sharma,5.73,1.43,0.36,0.75,1.19,2,IDBI Mutual Fund,4,Debt,Liquid Mutual Funds,5.6,4.4,5.4,16.666666666666664,56.060606060606055,6.0606060606060606,12.121212121212121,21.515151515151512,Low,2,Primary risk drivers: Market Sensitivity and Volatility.,80.3030303030303,96.96969696969697,90.9090909090909,88.48484848484847,1,75.0,80.1060606060606
IDBI Long Term Value Fund,500,5000,1.67,92.0,5,Alok Ranjan,2.89,1.21,16.51,0.94,1.36,6,IDBI Mutual Fund,2,Equity,Value Funds,-0.1,25.4,,61.53846153846154,53.84615384615385,88.46153846153845,92.3076923076923,71.53846153846155,High,4,Primary risk drivers: Downside Risk and Sharpe Risk.,7.6923076923076925,19.230769230769234,15.384615384615385,13.461538461538462,1,75.0,43.07692307692308
IDBI Midcap Fund,500,5000,1.62,176.0,6,Alok Ranjan,2.57,-5.96,17.76,0.97,1.27,6,IDBI Mutual Fund,1,Equity,Mid Cap Mutual Funds,-2.9,25.1,7.7,89.13043478260869,97.82608695652173,93.47826086956522,91.30434782608695,92.17391304347827,Very High,5,Primary risk drivers: Market Sensitivity and Sharpe Risk.,8.695652173913043,10.869565217391305,13.043478260869565,10.652173913043477,2,50.0,29.934782608695652
IDBI Nifty 50 Index Fund,500,5000,0.32,188.0,10,Nisha Sharma,3.47,-0.9,16.78,1.0,1.29,6,IDBI Mutual Fund,3,Other,Index Funds,0.8,25.8,11.8,43.333333333333336,75.0,51.66666666666667,15.0,45.66666666666667,Moderate,3,Primary risk drivers: Market Sensitivity and Sharpe Risk.,55.00000000000001,51.66666666666667,88.33333333333333,64.0,0,100.0,80.2
IDBI Nifty Next 50 Index Fund,500,5000,0.32,49.0,10,Nisha Sharma,1.71,-4.78,18.03,0.98,0.96,6,IDBI Mutual Fund,1,Other,Index Funds,-6.1,21.8,6.2,83.33333333333334,15.0,93.33333333333333,88.33333333333333,72.66666666666667,High,4,Primary risk drivers: Sharpe Risk and Downside Risk.,6.666666666666667,10.0,15.0,10.166666666666668,1,75.0,41.88333333333333
IDBI Short Term Bond Fund,500,5000,0.28,29.0,10,Raju Sharma,3.22,3.82,5.0,-0.57,0.92,2,IDBI Mutual Fund,4,Debt,Short Duration Funds,4.1,9.4,6.9,95.23809523809523,14.285714285714285,61.904761904761905,19.047619047619047,57.14285714285714,Moderate,3,Primary risk drivers: Volatility and Sharpe Risk.,100.0,42.857142857142854,85.71428571428571,78.57142857142857,0,100.0,93.57142857142857
IDBI Small Cap Fund,500,5000,1.54,143.0,6,Alok Ranjan,4.09,8.16,16.34,0.71,1.95,6,IDBI Mutual Fund,3,Equity,Small Cap Mutual Funds,2.1,38.5,12.6,8.0,8.0,42.0,44.0,22.0,Low,2,Primary risk drivers: Downside Risk and Sharpe Risk.,32.0,62.0,60.0,49.4,1,75.0,58.72
IDBI Ultra Short Term Fund,500,5000,0.25,198.0,10,Raju Sharma,1.68,1.14,0.72,0.15,1.29,2,IDBI Mutual Fund,3,Debt,Ultra Short Duration Funds,5.4,5.1,5.9,84.78260869565217,4.3478260869565215,73.91304347826086,95.65217391304348,68.69565217391305,High,4,Primary risk drivers: Downside Risk and Volatility.,47.82608695652174,30.434782608695656,8.695652173913043,30.86956521739131,1,75.0,56.32608695652174
IIFL Dynamic Bond Fund,1000,10000,0.27,494.0,10,Milan Mody,1.63,1.61,1.86,0.6,0.96,3,IIFL Mutual Fund,4,Debt,Dynamic Bond,3.3,6.0,6.5,19.047619047619047,14.285714285714285,16.666666666666664,28.57142857142857,19.523809523809526,Very Low,1,Primary risk drivers: Downside Risk and Volatility.,64.28571428571429,88.09523809523809,76.19047619047619,75.0,2,50.0,60.35714285714286
IIFL Focused Equity Fund,1000,1000,0.9,3416.0,8,Mayur Patel,3.39,3.78,16.2,0.91,1.56,6,IIFL Mutual Fund,5,Equity,Focused Funds,4.7,29.2,18.1,42.10526315789473,42.10526315789473,21.052631578947366,21.052631578947366,33.68421052631579,Low,2,Primary risk drivers: Volatility and Market Sensitivity.,73.68421052631578,84.21052631578947,84.21052631578947,79.99999999999999,1,75.0,76.23684210526315
IIFL Liquid Fund,1000,5000,0.2,601.0,9,Milan Mody,0.19,0.87,0.39,0.64,0.04,3,IIFL Mutual Fund,2,Debt,Liquid Mutual Funds,5.5,3.9,4.8,93.93939393939394,15.151515151515152,90.9090909090909,90.9090909090909,76.96969696969698,High,4,Primary risk drivers: Volatility and Sharpe Risk.,10.606060606060606,12.121212121212121,12.121212121212121,11.515151515151516,1,75.0,43.07575757575758
Indiabulls Arbitrage Fund,1000,500,0.58,14.0,8,Sumit Bhatnagar,-1.04,0.18,0.67,0.54,-0.82,1,Indiabulls Mutual Fund,2,Hybrid,Arbitrage Mutual Funds,4.3,3.3,4.5,13.636363636363635,47.72727272727273,100.0,95.45454545454545,54.09090909090909,Moderate,3,Primary risk drivers: Sharpe Risk and Downside Risk.,9.090909090909092,4.545454545454546,9.090909090909092,7.7272727272727275,0,100.0,54.13636363636364
Indiabulls Bluechip Fund,500,500,1.27,91.0,10,Sumit Bhatnagar,2.23,-3.4,16.22,0.94,1.1,6,Indiabulls Mutual Fund,2,Equity,Large Cap Mutual Funds,2.0,21.3,9.5,71.42857142857143,69.64285714285714,89.28571428571429,92.85714285714286,78.92857142857143,High,4,Primary risk drivers: Downside Risk and Sharpe Risk.,18.51851851851852,14.285714285714285,10.714285714285714,14.907407407407407,1,75.0,45.675925925925924
Indiabulls Dynamic Bond Fund,500,500,0.36,25.0,4,Karan Singh,0.99,0.95,2.04,0.84,0.58,3,Indiabulls Mutual Fund,3,Debt,Dynamic Bond,4.2,5.2,,28.57142857142857,33.33333333333333,52.38095238095239,42.857142857142854,37.142857142857146,Low,2,Primary risk drivers: Sharpe Risk and Downside Risk.,19.047619047619047,52.38095238095239,61.904761904761905,41.904761904761905,1,75.0,53.88095238095238
Indiabulls Equity Hybrid Fund,500,500,1.55,32.0,4,Sumit Bhatnagar,2.77,0.47,12.71,0.87,1.29,5,Indiabulls Mutual Fund,3,Hybrid,Aggressive Hybrid Mutual Funds,3.2,20.5,,76.66666666666667,93.33333333333333,68.33333333333333,58.333333333333336,74.66666666666667,High,4,Primary risk drivers: Market Sensitivity and Volatility.,40.0,35.0,45.0,40.0,1,75.0,57.5
Indiabulls Liquid Fund,500,500,0.22,212.0,10,Karan Singh,1.28,0.95,0.36,0.63,0.28,2,Indiabulls Mutual Fund,1,Debt,Liquid Mutual Funds,5.4,4.0,5.2,16.666666666666664,12.121212121212121,81.81818181818183,81.81818181818183,41.81818181818183,Moderate,3,Primary risk drivers: Sharpe Risk and Downside Risk.,18.181818181818183,21.21212121212121,21.21212121212121,20.0,0,100.0,59.63636363636364
Indiabulls Overnight Fund,500,500,0.18,42.0,4,Karan Singh,-1.77,0.4,0.33,0.39,-0.36,1,Indiabulls Mutual Fund,1,Debt,Overnight Mutual Funds,5.2,3.8,,7.6923076923076925,3.8461538461538463,100.0,100.0,43.84615384615385,Moderate,3,Primary risk drivers: Sharpe Risk and Downside Risk.,11.538461538461538,3.8461538461538463,3.8461538461538463,6.923076923076923,0,100.0,54.38461538461539
Indiabulls Short Term Fund,500,500,0.38,25.0,10,Karan Singh,1.15,4.88,1.55,2.83,0.7,3,Indiabulls Mutual Fund,2,Debt,Short Duration Funds,4.4,5.1,5.9,14.285714285714285,100.0,95.23809523809523,95.23809523809523,63.80952380952381,High,4,Primary risk drivers: Market Sensitivity and Sharpe Risk.,4.761904761904762,9.523809523809524,9.523809523809524,7.619047619047619,1,75.0,40.738095238095234
Indiabulls Tax Savings Fund,500,500,0.5,36.0,5,Sumit Bhatnagar,2.52,-2.36,15.09,0.88,1.21,6,Indiabulls Mutual Fund,2,Equity,ELSS Mutual Funds,1.0,22.3,7.8,17.647058823529413,41.17647058823529,88.23529411764706,88.23529411764706,50.588235294117645,Moderate,3,Primary risk drivers: Sharpe Risk and Downside Risk.,11.76470588235294,13.725490196078432,13.725490196078432,12.941176470588236,0,100.0,56.23529411764706
Indiabulls Value Fund,500,500,0.5,9.71,8,Sumit Bhatnagar,2.9,-0.23,16.23,0.92,1.27,6,Indiabulls Mutual Fund,2,Equity,Value Funds,-0.2,25.6,6.3,46.15384615384615,46.15384615384615,100.0,84.61538461538461,64.61538461538461,High,4,Primary risk drivers: Sharpe Risk and Downside Risk.,15.384615384615385,7.6923076923076925,23.076923076923077,15.384615384615383,1,75.0,45.19230769230769
Invesco India Arbitrage Fund,500,1000,0.38,3184.0,10,Deepak Gupta,2.16,1.77,0.71,0.53,1.5,1,Invesco Mutual Fund,5,Hybrid,Arbitrage Mutual Funds,6.4,5.0,5.6,52.27272727272727,40.909090909090914,4.545454545454546,4.545454545454546,30.909090909090914,Low,2,Primary risk drivers: Volatility and Market Sensitivity.,95.45454545454545,100.0,100.0,98.18181818181819,1,75.0,86.04545454545455
Invesco India Banking & PSU Debt Fund,1000,1000,0.28,131.0,10,Vikas Garg,0.33,4.59,3.47,2.79,0.25,3,Invesco Mutual Fund,1,Debt,Banking and PSU Mutual Funds,2.3,5.8,6.4,94.11764705882352,88.23529411764706,100.0,100.0,95.29411764705883,Very High,5,Primary risk drivers: Sharpe Risk and Downside Risk.,17.647058823529413,5.88235294117647,5.88235294117647,10.588235294117647,2,50.0,31.705882352941178
Invesco India Contra Fund,500,1000,0.62,9347.0,10,Taher Badshah,3.5,2.27,16.24,0.94,1.45,6,Invesco Mutual Fund,4,Equity,Contra Funds,2.8,27.6,12.3,66.66666666666666,100.0,100.0,66.66666666666666,79.99999999999999,High,4,Primary risk drivers: Market Sensitivity and Sharpe Risk.,33.33333333333333,33.33333333333333,66.66666666666666,43.33333333333333,1,75.0,57.166666666666664
Invesco India Corporate Bond Fund,100,1000,0.28,2065.0,10,Vikas Garg,1.56,1.51,1.86,0.67,0.91,2,Invesco Mutual Fund,3,Debt,Corporate Bond Mutual Funds,3.7,6.4,6.9,44.44444444444444,36.11111111111111,61.111111111111114,61.111111111111114,49.44444444444444,Moderate,3,Primary risk drivers: Sharpe Risk and Downside Risk.,38.88888888888889,44.44444444444444,44.44444444444444,42.22222222222222,0,100.0,70.44444444444444
Invesco India Credit Risk Fund,1000,1000,0.28,129.0,9,Vikas Garg,2.95,9.17,2.89,4.76,0.97,2,Invesco Mutual Fund,2,Debt,Credit Risk Funds,4.4,6.0,3.5,35.714285714285715,100.0,64.28571428571429,28.57142857142857,52.85714285714286,Moderate,3,Primary risk drivers: Market Sensitivity and Sharpe Risk.,21.428571428571427,42.857142857142854,78.57142857142857,45.0,0,100.0,67.78571428571429
Invesco India Dynamic Equity Fund,500,1000,0.95,612.0,10,Amit Ganatra,2.84,0.76,9.2,0.59,1.27,6,Invesco Mutual Fund,2,Hybrid,Dynamic Asset Allocation or Balanced Advantage,3.9,15.4,7.4,57.89473684210527,65.78947368421053,65.78947368421053,63.1578947368421,62.105263157894754,High,4,Primary risk drivers: Market Sensitivity and Sharpe Risk.,52.63157894736842,39.473684210526315,42.10526315789473,45.52631578947368,1,75.0,61.68421052631579
Invesco India Equity & Bond Fund,500,1000,0.76,378.0,5,Dhimant Kothari,2.71,1.1,10.94,0.71,1.29,6,Invesco Mutual Fund,2,Hybrid,Aggressive Hybrid Mutual Funds,1.5,17.4,,3.3333333333333335,3.3333333333333335,68.33333333333333,66.66666666666666,29.0,Low,2,Primary risk drivers: Sharpe Risk and Downside Risk.,8.333333333333332,35.0,36.666666666666664,24.83333333333333,1,75.0,46.61666666666666
Invesco India Equity Savings Fund,500,1000,0.73,132.0,4,Dhimant Kothari,1.9,0.17,5.58,0.82,1.08,4,Invesco Mutual Fund,2,Hybrid,Equity Savings Mutual Funds,1.2,9.6,,28.57142857142857,33.33333333333333,100.0,100.0,58.095238095238095,Moderate,3,Primary risk drivers: Sharpe Risk and Downside Risk.,4.761904761904762,4.761904761904762,4.761904761904762,4.761904761904762,0,100.0,52.38095238095238
Invesco India Financial Services Fund,100,1000,1.08,472.0,10,Hiten Jain,2.16,1.74,21.36,0.8,1.0,6,Invesco Mutual Fund,3,Equity,Sectoral / Thematic Mutual Funds,5.9,22.6,10.9,79.48717948717949,51.92307692307693,85.25641025641025,85.8974358974359,76.41025641025641,High,4,Primary risk drivers: Downside Risk and Sharpe Risk.,17.94871794871795,16.025641025641026,15.384615384615385,16.602564102564102,1,75.0,46.070512820512825
Invesco India Gilt Fund,100,1000,0.48,22.0,10,Vikas Garg,0.08,-0.44,2.51,0.54,0.06,2,Invesco Mutual Fund,1,Debt,Gilt Mutual Funds,4.9,4.2,6.7,21.052631578947366,26.31578947368421,94.73684210526315,94.73684210526315,51.57894736842105,Moderate,3,Primary risk drivers: Sharpe Risk and Downside Risk.,10.526315789473683,10.526315789473683,10.526315789473683,10.526315789473683,0,100.0,55.26315789473684
Invesco India Gold Fund,500,1000,0.16,59.0,10,Krishna Cheemalapati,1.22,0.29,14.79,1.03,0.51,5,Invesco Mutual Fund,4,Other,FoFs Domestic,13.2,11.5,13.2,82.35294117647058,97.05882352941177,67.64705882352942,64.70588235294117,78.8235294117647,High,4,Primary risk drivers: Market Sensitivity and Volatility.,17.647058823529413,35.294117647058826,38.23529411764706,29.11764705882353,1,75.0,49.76470588235294
Invesco India Growth Opportunities Fund,100,1000,0.66,3665.0,10,Amit Ganatra,2.85,0.23,15.03,0.84,1.3,6,Invesco Mutual Fund,3,Equity,Large & Mid Cap Funds,0.8,22.8,11.0,12.5,8.333333333333332,91.66666666666666,83.33333333333334,41.66666666666667,Moderate,3,Primary risk drivers: Sharpe Risk and Downside Risk.,10.416666666666668,12.5,20.833333333333336,14.166666666666668,0,100.0,56.333333333333336
Invesco India Infrastructure Fund,500,1000,1.08,445.0,10,Amit Nigam,3.6,8.67,17.74,0.61,1.59,6,Invesco Mutual Fund,5,Equity,Sectoral / Thematic Mutual Funds,8.9,33.2,14.6,46.15384615384615,16.666666666666664,26.923076923076923,15.384615384615385,30.25641025641026,Low,2,Primary risk drivers: Volatility and Sharpe Risk.,73.07692307692307,74.35897435897436,85.8974358974359,77.3076923076923,1,75.0,75.3076923076923
Invesco India Largecap Fund,100,1000,0.81,724.0,10,Amit Nigam,2.62,-0.23,16.09,0.92,1.28,6,Invesco Mutual Fund,4,Equity,Large Cap Mutual Funds,-1.8,24.0,11.1,67.85714285714286,50.0,60.71428571428571,78.57142857142857,65.0,High,4,Primary risk drivers: Downside Risk and Volatility.,33.33333333333333,42.857142857142854,25.0,33.69047619047619,1,75.0,54.27380952380952
Invesco India Liquid Fund,500,1000,0.15,6434.0,10,Krishna Cheemalapati,4.13,1.31,0.37,0.75,0.83,2,Invesco Mutual Fund,3,Debt,Liquid Mutual Funds,5.6,4.3,5.3,31.818181818181817,56.060606060606055,71.21212121212122,57.57575757575758,49.696969696969695,Moderate,3,Primary risk drivers: Sharpe Risk and Downside Risk.,48.484848484848484,31.818181818181817,45.45454545454545,42.57575757575757,0,100.0,72.46969696969697
Invesco India Midcap Fund,500,1000,0.72,2618.0,10,Pranav Gokhale,3.31,-0.38,15.97,0.86,1.56,6,Invesco Mutual Fund,3,Equity,Mid Cap Mutual Funds,0.2,33.5,14.6,30.434782608695656,26.08695652173913,65.21739130434783,65.21739130434783,43.47826086956522,Moderate,3,Primary risk drivers: Sharpe Risk and Downside Risk.,65.21739130434783,39.130434782608695,39.130434782608695,49.56521739130435,0,100.0,77.91304347826087
Invesco India Money Market Fund,1000,1000,0.22,2294.0,10,Krishna Cheemalapati,1.82,3.07,0.8,1.61,1.14,2,Invesco Mutual Fund,2,Debt,Money Market Funds,5.0,5.1,5.8,94.11764705882352,94.11764705882352,82.35294117647058,91.17647058823529,91.17647058823529,Very High,5,Primary risk drivers: Volatility and Market Sensitivity.,35.294117647058826,23.52941176470588,14.705882352941178,25.588235294117645,2,50.0,39.73529411764706
Invesco India Multicap Fund,500,1000,0.65,2347.0,10,Pranav Gokhale,2.86,2.38,16.67,0.91,1.43,6,Invesco Mutual Fund,0,Equity,Multi Cap Funds,1.4,27.0,11.0,50.0,40.0,80.0,100.0,64.0,High,4,Primary risk drivers: Downside Risk and Sharpe Risk.,30.0,30.0,10.0,24.0,1,75.0,50.7
Invesco India Overnight Fund,100,1000,0.09,337.0,3,Krishna Cheemalapati,-0.3,0.55,0.35,0.42,-0.06,1,Invesco Mutual Fund,3,Debt,Overnight Mutual Funds,5.3,3.8,,73.07692307692307,23.076923076923077,76.92307692307693,75.0,64.23076923076923,High,4,Primary risk drivers: Sharpe Risk and Downside Risk.,11.538461538461538,26.923076923076923,28.846153846153843,21.346153846153847,1,75.0,46.21153846153846
Invesco India PSU Equity Fund,500,1000,0.96,394.0,10,Dhimant Kothari,2.73,3.08,18.45,0.66,1.19,6,Invesco Mutual Fund,0,Equity,Sectoral / Thematic Mutual Funds,16.2,26.5,12.6,52.56410256410257,23.076923076923077,67.3076923076923,52.56410256410257,49.61538461538463,Moderate,3,Primary risk drivers: Sharpe Risk and Volatility.,46.15384615384615,33.97435897435898,48.717948717948715,43.269230769230774,0,100.0,72.21153846153847
Invesco India Short Term Fund,1000,1000,0.35,350.0,10,Vikas Garg,1.31,4.41,1.93,2.19,0.76,2,Invesco Mutual Fund,2,Debt,Short Duration Funds,3.9,6.2,6.8,76.19047619047619,76.19047619047619,88.09523809523809,76.19047619047619,78.57142857142857,High,4,Primary risk drivers: Sharpe Risk and Volatility.,38.095238095238095,16.666666666666664,28.57142857142857,28.80952380952381,1,75.0,53.76190476190476
Invesco India Smallcap Fund,500,1000,0.78,1400.0,4,Taher Badshah,3.38,3.51,18.25,0.82,1.7,6,Invesco Mutual Fund,3,Equity,Small Cap Mutual Funds,3.5,34.6,,48.0,52.0,92.0,86.0,65.2,High,4,Primary risk drivers: Sharpe Risk and Downside Risk.,16.0,12.0,18.0,15.399999999999999,1,75.0,45.32
Invesco India Tax Plan – Direct Growth,500,500,0.92,1833.0,10,Amit Nigam,2.21,-2.63,16.3,0.94,1.19,6,Invesco Mutual Fund,3,Equity,ELSS Mutual Funds,-5.2,22.4,10.8,68.62745098039215,73.52941176470588,90.19607843137256,94.11764705882352,79.01960784313727,High,4,Primary risk drivers: Downside Risk and Sharpe Risk.,13.725490196078432,11.76470588235294,7.8431372549019605,11.372549019607842,1,75.0,43.65686274509804
Invesco India Treasury Advantage Fund,100,1000,0.32,1230.0,10,Krishna Cheemalapati,2.9,2.95,0.93,1.27,1.34,2,Invesco Mutual Fund,2,Debt,Low Duration Funds,4.9,5.6,6.4,40.0,75.0,70.0,65.0,58.0,Moderate,3,Primary risk drivers: Market Sensitivity and Sharpe Risk.,40.0,35.0,40.0,38.5,0,100.0,69.55
Invesco India Ultra Short Term Fund,1000,1000,0.24,818.0,10,Krishna Cheemalapati,3.4,2.51,0.57,1.2,1.59,2,Invesco Mutual Fund,3,Debt,Ultra Short Duration Funds,5.4,5.1,6.0,60.86956521739131,93.47826086956522,52.17391304347826,56.52173913043478,64.78260869565217,High,4,Primary risk drivers: Market Sensitivity and Volatility.,47.82608695652174,52.17391304347826,47.82608695652174,49.130434782608695,1,75.0,61.80434782608696
ITI Arbitrage Fund,500,5000,0.22,7.04,4,Vikrant Mehta,-1.02,-0.04,0.65,0.31,-0.71,1,ITI Mutual Fund,1,Hybrid,Arbitrage Mutual Funds,3.9,3.3,,9.090909090909092,4.545454545454546,90.9090909090909,90.9090909090909,40.909090909090914,Moderate,3,Primary risk drivers: Sharpe Risk and Downside Risk.,9.090909090909092,13.636363636363635,13.636363636363635,11.818181818181817,0,100.0,55.36363636363637
ITI Balanced Advantage Fund,500,5000,0.35,452.0,3,Dhimant Shah,2.56,-0.95,11.13,0.59,0.88,6,ITI Mutual Fund,1,Hybrid,Dynamic Asset Allocation or Balanced Advantage,-0.2,12.3,,94.73684210526315,65.78947368421053,89.47368421052632,73.68421052631578,83.68421052631578,Very High,5,Primary risk drivers: Volatility and Sharpe Risk.,26.31578947368421,15.789473684210526,31.57894736842105,24.736842105263158,2,50.0,37.68421052631579
ITI Liquid Fund,500,5000,0.09,31.0,4,Vikrant Mehta,-0.02,0.63,0.37,0.47,0.0,1,ITI Mutual Fund,2,Debt,Liquid Mutual Funds,5.5,3.9,,31.818181818181817,4.545454545454546,93.93939393939394,93.93939393939394,51.21212121212121,Moderate,3,Primary risk drivers: Sharpe Risk and Downside Risk.,10.606060606060606,9.090909090909092,9.090909090909092,9.696969696969697,0,100.0,55.03030303030303
ITI Long Term Equity Fund,500,500,0.44,156.0,3,Dhimant Shah,3.29,0.26,15.59,0.86,1.31,6,ITI Mutual Fund,2,Equity,ELSS Mutual Funds,5.6,23.7,,33.33333333333333,25.49019607843137,79.41176470588235,47.05882352941176,43.72549019607843,Moderate,3,Primary risk drivers: Sharpe Risk and Downside Risk.,15.686274509803921,22.54901960784314,54.90196078431373,29.50980392156863,0,100.0,61.990196078431374
ITI Overnight Fund,500,5000,0.08,26.0,3,Vikrant Mehta,-1.11,0.48,0.34,0.42,-0.22,1,ITI Mutual Fund,1,Debt,Overnight Mutual Funds,5.2,3.8,,30.76923076923077,23.076923076923077,92.3076923076923,92.3076923076923,53.846153846153854,Moderate,3,Primary risk drivers: Sharpe Risk and Downside Risk.,11.538461538461538,11.538461538461538,11.538461538461538,11.538461538461538,0,100.0,55.76923076923077
ITI Small Cap Fund,500,5000,0.44,1015.0,3,Dhimant Shah,2.41,-4.78,21.23,0.95,1.27,6,ITI Mutual Fund,1,Equity,Small Cap Mutual Funds,6.5,29.4,,96.0,96.0,100.0,100.0,97.60000000000001,Very High,5,Primary risk drivers: Sharpe Risk and Downside Risk.,4.0,4.0,4.0,4.0,2,50.0,27.0
JM Arbitrage Fund,500,5000,0.36,60.0,10,Asit Bhandarkar,-0.31,0.56,0.72,0.55,-0.23,1,JM Financial Mutual Fund,1,Hybrid,Arbitrage Mutual Funds,5.4,3.7,4.5,65.9090909090909,54.54545454545454,86.36363636363636,86.36363636363636,71.81818181818181,High,4,Primary risk drivers: Sharpe Risk and Downside Risk.,22.727272727272727,18.181818181818183,18.181818181818183,20.0,1,75.0,48.04545454545455
JM Dynamic Bond Fund,1000,5000,0.63,43.0,10,Gurvinder Singh Wasan,1.64,1.34,1.61,0.65,0.95,2,JM Financial Mutual Fund,4,Debt,Dynamic Bond,4.8,6.0,6.1,4.761904761904762,21.428571428571427,23.809523809523807,23.809523809523807,15.714285714285715,Very Low,1,Primary risk drivers: Sharpe Risk and Downside Risk.,64.28571428571429,80.95238095238095,80.95238095238095,74.28571428571428,2,50.0,60.14285714285714
JM Equity Hybrid Fund,500,5000,1.37,11.0,10,Asit Bhandarkar,3.79,5.95,17.44,1.0,1.4,6,JM Financial Mutual Fund,4,Hybrid,Aggressive Hybrid Mutual Funds,8.0,29.5,11.2,100.0,100.0,51.66666666666667,16.666666666666664,73.66666666666667,High,4,Primary risk drivers: Volatility and Market Sensitivity.,86.66666666666667,51.66666666666667,86.66666666666667,76.16666666666667,1,75.0,77.68333333333334
JM Flexicap Fund,500,5000,1.62,255.0,10,Gurvinder Singh Wasan,3.67,1.75,16.28,0.9,1.4,6,JM Financial Mutual Fund,4,Equity,Flexi Cap Funds,5.2,30.7,13.8,68.18181818181817,50.0,43.18181818181818,4.545454545454546,46.81818181818181,Moderate,3,Primary risk drivers: Volatility and Market Sensitivity.,77.27272727272727,61.36363636363637,100.0,79.31818181818181,0,100.0,89.25
JM Focused Fund,500,5000,1.58,42.0,10,Gurvinder Singh Wasan,2.5,-2.98,16.71,0.93,1.08,6,JM Financial Mutual Fund,1,Equity,Focused Funds,3.1,19.4,8.6,73.68421052631578,57.89473684210527,89.47368421052632,78.94736842105263,74.73684210526315,High,4,Primary risk drivers: Sharpe Risk and Downside Risk.,10.526315789473683,15.789473684210526,26.31578947368421,16.84210526315789,1,75.0,44.65789473684211
JM Large Cap Fund,500,5000,1.8,44.0,10,Gurvinder Singh Wasan,2.94,-0.69,12.03,0.67,1.2,6,JM Financial Mutual Fund,5,Equity,Large Cap Mutual Funds,1.8,18.3,10.4,3.571428571428571,3.571428571428571,75.0,58.92857142857143,28.92857142857143,Low,2,Primary risk drivers: Sharpe Risk and Downside Risk.,7.4074074074074066,28.57142857142857,44.642857142857146,24.927248677248677,1,75.0,46.45965608465608
JM Liquid Fund,1000,5000,0.15,1426.0,10,Shalini Tibrewala,3.82,1.22,0.36,0.68,0.86,2,JM Financial Mutual Fund,4,Debt,Liquid Mutual Funds,5.6,4.2,5.3,16.666666666666664,25.757575757575758,63.63636363636363,69.6969696969697,38.484848484848484,Low,2,Primary risk drivers: Downside Risk and Sharpe Risk.,28.78787878787879,39.39393939393939,33.33333333333333,33.33333333333333,1,75.0,53.25757575757576
JM Low Duration Fund,1000,5000,0.34,151.0,10,Shalini Tibrewala,12.57,9.03,11.61,1.19,0.64,2,JM Financial Mutual Fund,4,Debt,Low Duration Funds,5.1,11.5,5.3,100.0,70.0,90.0,5.0,73.0,High,4,Primary risk drivers: Volatility and Sharpe Risk.,100.0,15.0,100.0,74.5,1,75.0,79.85
JM Medium to Long Duration Fund,1000,5000,0.48,19.0,10,Gurvinder Singh Wasan,0.28,0.23,3.03,1.39,0.2,3,JM Financial Mutual Fund,2,Debt,Medium to Long Duration Funds,2.5,4.8,3.1,54.54545454545454,63.63636363636363,90.9090909090909,90.9090909090909,70.90909090909092,High,4,Primary risk drivers: Sharpe Risk and Downside Risk.,27.27272727272727,18.181818181818183,18.181818181818183,21.81818181818182,1,75.0,49.5
JM Tax Gain Fund,500,500,1.45,70.0,10,Gurvinder Singh Wasan,2.94,0.39,16.56,0.93,1.35,6,JM Financial Mutual Fund,3,Equity,ELSS Mutual Funds,0.9,26.2,12.8,74.50980392156863,65.68627450980392,72.54901960784314,70.58823529411765,71.5686274509804,High,4,Primary risk drivers: Volatility and Sharpe Risk.,35.294117647058826,29.411764705882355,31.372549019607842,32.352941176470594,1,75.0,54.26470588235294
JM Value Fund,500,5000,1.87,163.0,10,Gurvinder Singh Wasan,3.94,4.56,16.13,0.89,1.53,6,JM Financial Mutual Fund,2,Equity,Value Funds,7.7,28.9,12.4,38.46153846153847,23.076923076923077,50.0,23.076923076923077,34.61538461538462,Low,2,Primary risk drivers: Sharpe Risk and Volatility.,46.15384615384615,57.692307692307686,84.61538461538461,61.15384615384616,1,75.0,65.07692307692308
Kotak Balanced Advantage Fund,1000,1000,0.48,14279.0,5,Harish Krishnan,4.01,3.56,8.76,0.56,1.59,6,Kotak Mahindra Mutual Fund,3,Hybrid,Dynamic Asset Allocation or Balanced Advantage,5.5,18.1,,52.63157894736842,50.0,21.052631578947366,18.421052631578945,38.94736842105263,Low,2,Primary risk drivers: Volatility and Market Sensitivity.,63.1578947368421,84.21052631578947,86.8421052631579,76.57894736842105,1,75.0,73.10526315789474
Kotak Banking and PSU Debt Fund,1000,5000,0.37,5256.0,10,Deepak Agrawal,1.87,4.03,2.03,1.45,1.03,3,Kotak Mahindra Mutual Fund,3,Debt,Banking and PSU Mutual Funds,4.7,6.7,7.5,64.70588235294117,23.52941176470588,29.411764705882355,35.294117647058826,43.529411764705884,Moderate,3,Primary risk drivers: Volatility and Downside Risk.,58.82352941176471,76.47058823529412,70.58823529411765,67.6470588235294,0,100.0,82.05882352941177
Kotak Bluechip Fund,100,1000,0.64,5259.0,10,Harish Krishnan,3.48,1.75,15.3,0.91,1.45,6,Kotak Mahindra Mutual Fund,5,Equity,Large Cap Mutual Funds,3.3,26.8,12.6,21.428571428571427,39.285714285714285,10.714285714285714,17.857142857142858,22.142857142857146,Low,2,Primary risk drivers: Market Sensitivity and Volatility.,77.77777777777779,92.85714285714286,85.71428571428571,84.68253968253968,1,75.0,78.46031746031747
Kotak Bond – Short Term Fund,1000,5000,0.36,12203.0,10,Deepak Agrawal,1.89,4.73,1.76,2.06,1.12,3,Kotak Mahindra Mutual Fund,3,Debt,Short Duration Funds,4.4,6.5,7.2,61.904761904761905,66.66666666666666,33.33333333333333,47.61904761904761,54.285714285714285,Moderate,3,Primary risk drivers: Market Sensitivity and Volatility.,57.14285714285714,71.42857142857143,57.14285714285714,61.42857142857143,0,100.0,79.85714285714286
Kotak Bond Fund,1000,5000,0.63,1584.0,10,Abhishek Bisen,0.72,1.47,3.19,1.57,0.6,2,Kotak Mahindra Mutual Fund,3,Debt,Medium to Long Duration Funds,4.1,6.4,7.7,81.81818181818183,100.0,45.45454545454545,45.45454545454545,70.90909090909092,High,4,Primary risk drivers: Market Sensitivity and Volatility.,63.63636363636363,63.63636363636363,63.63636363636363,63.63636363636364,1,75.0,69.31818181818181
Kotak Corporate Bond Fund,1000,5000,0.32,8880.0,10,Deepak Agrawal,2.25,1.73,1.54,0.59,1.23,2,Kotak Mahindra Mutual Fund,3,Debt,Corporate Bond Mutual Funds,4.5,6.4,7.1,11.11111111111111,27.77777777777778,27.77777777777778,33.33333333333333,22.22222222222222,Low,2,Primary risk drivers: Downside Risk and Market Sensitivity.,38.88888888888889,77.77777777777779,72.22222222222221,60.55555555555556,1,75.0,63.44444444444445
Kotak Credit Risk Fund,1000,5000,0.74,1204.0,10,Deepak Agrawal,0.42,0.82,2.92,-0.4,0.47,5,Kotak Mahindra Mutual Fund,2,Debt,Credit Risk Funds,1.6,5.9,6.4,50.0,57.14285714285714,78.57142857142857,92.85714285714286,65.71428571428572,High,4,Primary risk drivers: Downside Risk and Sharpe Risk.,14.285714285714285,28.57142857142857,14.285714285714285,18.57142857142857,1,75.0,45.92857142857142
Kotak Debt Hybrid Fund,1000,5000,0.44,1650.0,10,Devender Singhal,3.44,4.79,4.73,0.7,2.06,4,Kotak Mahindra Mutual Fund,5,Hybrid,Conservative Hybrid Mutual Funds,6.1,14.3,10.0,64.70588235294117,82.35294117647058,23.52941176470588,47.05882352941176,56.470588235294116,Moderate,3,Primary risk drivers: Market Sensitivity and Volatility.,94.11764705882352,82.35294117647058,58.82352941176471,80.0,0,100.0,92.82352941176471
Kotak Dynamic Bond Fund,1000,5000,0.4,1992.0,10,Deepak Agrawal,1.0,1.66,2.95,1.32,0.69,3,Kotak Mahindra Mutual Fund,4,Debt,Dynamic Bond,3.9,6.6,7.8,71.42857142857143,76.19047619047619,33.33333333333333,38.095238095238095,58.095238095238095,Moderate,3,Primary risk drivers: Market Sensitivity and Volatility.,76.19047619047619,71.42857142857143,66.66666666666666,71.9047619047619,0,100.0,86.80952380952381
Kotak Emerging Equity Fund,100,100,0.49,23962.0,10,Pankaj Tibrewal,3.73,3.18,16.42,0.9,1.82,6,Kotak Mahindra Mutual Fund,4,Equity,Mid Cap Mutual Funds,6.6,34.0,15.2,39.130434782608695,56.52173913043478,21.73913043478261,21.73913043478261,35.652173913043484,Low,2,Primary risk drivers: Market Sensitivity and Volatility.,71.73913043478261,82.6086956521739,82.6086956521739,78.26086956521739,1,75.0,75.32608695652175
Kotak Equity Arbitrage Fund,1000,5000,0.43,21917.0,10,Hiten Shah,1.46,1.66,0.75,0.54,1.26,1,Kotak Mahindra Mutual Fund,4,Hybrid,Arbitrage Mutual Funds,5.8,4.9,5.6,86.36363636363636,47.72727272727273,22.727272727272727,31.818181818181817,55.0,Moderate,3,Primary risk drivers: Volatility and Market Sensitivity.,81.81818181818183,81.81818181818183,72.72727272727273,79.0909090909091,0,100.0,90.0909090909091
Kotak Equity Hybrid Fund,1000,5000,0.58,3269.0,8,Pankaj Tibrewal,3.89,7.32,11.76,0.79,1.86,6,Kotak Mahindra Mutual Fund,0,Hybrid,Aggressive Hybrid Mutual Funds,5.0,26.9,12.8,30.0,35.0,6.666666666666667,10.0,22.333333333333332,Low,2,Primary risk drivers: Market Sensitivity and Volatility.,80.0,96.66666666666667,93.33333333333333,89.0,1,75.0,80.2
Kotak Equity Opportunities – Direct Growth,500,500,0.6,11608.0,10,Harsha Upadhyaya,3.43,4.72,14.62,0.84,1.64,6,Kotak Mahindra Mutual Fund,4,Equity,Large & Mid Cap Funds,6.2,28.8,13.9,4.166666666666666,8.333333333333332,12.5,25.0,10.833333333333332,Very Low,1,Primary risk drivers: Downside Risk and Sharpe Risk.,58.333333333333336,91.66666666666666,79.16666666666666,74.58333333333333,2,50.0,59.04166666666667
Kotak Equity Savings Fund,1000,5000,1.02,2097.0,8,Devender Singhal,4.22,4.5,5.64,0.79,1.8,4,Kotak Mahindra Mutual Fund,4,Hybrid,Equity Savings Mutual Funds,6.6,14.4,9.2,33.33333333333333,21.428571428571427,19.047619047619047,19.047619047619047,25.238095238095237,Low,2,Primary risk drivers: Volatility and Market Sensitivity.,61.904761904761905,85.71428571428571,85.71428571428571,76.19047619047619,1,75.0,72.73809523809524
Kotak Flexi Cap Fund,500,5000,0.68,35775.0,10,Harsha Upadhyaya,2.7,0.11,15.22,0.88,1.37,6,Kotak Mahindra Mutual Fund,3,Equity,Flexi Cap Funds,3.8,25.0,11.7,27.27272727272727,34.090909090909086,59.09090909090909,68.18181818181817,43.18181818181818,Moderate,3,Primary risk drivers: Downside Risk and Sharpe Risk.,47.72727272727273,45.45454545454545,36.36363636363637,43.63636363636364,0,100.0,72.63636363636364
Kotak Floating Rate Fund,1000,5000,0.22,4796.0,4,Deepak Agrawal,1.86,3.79,2.35,1.03,1.02,2,Kotak Mahindra Mutual Fund,2,Debt,Floater Mutual Funds,4.6,7.0,,100.0,57.14285714285714,100.0,100.0,91.42857142857143,Very High,5,Primary risk drivers: Volatility and Sharpe Risk.,92.85714285714286,14.285714285714285,14.285714285714285,45.714285714285715,2,50.0,57.28571428571429
Kotak Focused Equity Fund,1000,5000,0.51,2447.0,4,Shibani Kurian,2.85,1.39,15.69,0.9,1.44,6,Kotak Mahindra Mutual Fund,3,Equity,Focused Funds,0.5,26.6,,15.789473684210526,34.21052631578947,34.21052631578947,68.42105263157895,33.68421052631579,Low,2,Primary risk drivers: Downside Risk and Market Sensitivity.,57.89473684210527,71.05263157894737,36.84210526315789,55.526315789473685,1,75.0,65.73684210526316
Kotak Gilt – Invest Plan – Direct Growth,1000,5000,0.41,1699.0,10,Abhishek Bisen,0.81,1.3,3.24,0.7,0.64,2,Kotak Mahindra Mutual Fund,4,Debt,Gilt Mutual Funds,5.2,6.3,8.4,94.73684210526315,92.10526315789474,26.31578947368421,34.21052631578947,68.42105263157895,High,4,Primary risk drivers: Volatility and Market Sensitivity.,86.8421052631579,78.94736842105263,71.05263157894737,79.73684210526316,1,75.0,78.78947368421052
Kotak Gilt Invest – PF & Trust Plan – Direct Growth,1000,5000,0.41,1699.0,10,Abhishek Bisen,0.81,1.3,3.23,0.7,0.64,2,Kotak Mahindra Mutual Fund,4,Debt,Gilt Mutual Funds,5.2,6.3,8.4,89.47368421052632,92.10526315789474,26.31578947368421,34.21052631578947,66.31578947368422,High,4,Primary risk drivers: Market Sensitivity and Volatility.,86.8421052631579,78.94736842105263,71.05263157894737,79.73684210526316,1,75.0,78.78947368421052
Kotak Gold Fund,1000,5000,0.18,1406.0,10,Abhishek Bisen,1.08,-0.32,13.51,0.97,0.48,5,Kotak Mahindra Mutual Fund,3,Other,FoFs Domestic,14.2,12.2,13.7,55.88235294117647,70.58823529411765,76.47058823529412,70.58823529411765,65.88235294117648,High,4,Primary risk drivers: Sharpe Risk and Market Sensitivity.,41.17647058823529,26.47058823529412,32.35294117647059,34.11764705882353,1,75.0,55.970588235294116
Kotak India EQ Contra Fund,1000,5000,0.81,1440.0,10,Shibani Kurian,3.35,4.24,15.95,0.92,1.57,6,Kotak Mahindra Mutual Fund,4,Equity,Contra Funds,7.3,29.7,14.2,33.33333333333333,66.66666666666666,66.66666666666666,100.0,60.0,High,4,Primary risk drivers: Downside Risk and Market Sensitivity.,66.66666666666666,66.66666666666666,33.33333333333333,56.66666666666666,1,75.0,67.83333333333333
Kotak India Growth Fund,0,5000,0.34,90.0,5,Devender Singhal,3.71,7.67,17.23,0.95,1.75,6,Kotak Mahindra Mutual Fund,0,Equity,Multi Cap Funds,4.8,35.5,15.6,70.0,70.0,20.0,10.0,48.0,Moderate,3,Primary risk drivers: Volatility and Market Sensitivity.,90.0,90.0,100.0,93.0,0,100.0,95.9
Kotak Infrastructure & Ecoc. Reform-SP-DirGrowth,1000,5000,1.0,727.0,10,Harish Krishnan,4.55,14.15,16.65,0.6,2.0,6,Kotak Mahindra Mutual Fund,4,Equity,Sectoral / Thematic Mutual Funds,23.2,39.7,13.9,39.1025641025641,14.102564102564102,2.564102564102564,1.282051282051282,19.230769230769234,Very Low,1,Primary risk drivers: Volatility and Market Sensitivity.,92.3076923076923,98.71794871794873,100.0,96.53846153846155,2,50.0,72.42307692307693
Kotak Liquid Fund,1000,100,0.15,33220.0,10,Deepak Agrawal,3.68,1.33,0.38,0.76,0.85,3,Kotak Mahindra Mutual Fund,2,Debt,Liquid Mutual Funds,5.6,4.3,5.3,63.63636363636363,66.66666666666666,66.66666666666666,74.24242424242425,66.96969696969697,High,4,Primary risk drivers: Downside Risk and Market Sensitivity.,48.484848484848484,36.36363636363637,28.78787878787879,38.93939393939394,1,75.0,58.878787878787875
Kotak Low Duration Fund,1000,5000,0.43,7420.0,10,Deepak Agrawal,2.67,2.9,1.3,0.78,1.43,3,Kotak Mahindra Mutual Fund,3,Debt,Low Duration Funds,5.4,6.2,6.9,72.5,35.0,55.00000000000001,75.0,62.0,High,4,Primary risk drivers: Downside Risk and Volatility.,77.5,50.0,30.0,55.0,1,75.0,69.5
Kotak Medium Term Fund,1000,5000,0.58,1934.0,9,Deepak Agrawal,0.71,2.04,3.41,0.79,0.66,3,Kotak Mahindra Mutual Fund,4,Debt,Medium Duration Funds,4.0,7.0,6.6,83.33333333333334,50.0,58.333333333333336,75.0,70.0,High,4,Primary risk drivers: Volatility and Downside Risk.,54.166666666666664,50.0,33.33333333333333,46.66666666666667,1,75.0,62.333333333333336
Kotak Money Market Fund,0,5000,0.26,14248.0,10,Deepak Agrawal,4.43,2.59,0.51,1.2,1.92,3,Kotak Mahindra Mutual Fund,3,Debt,Money Market Funds,5.6,5.1,6.1,23.52941176470588,41.17647058823529,38.23529411764706,52.94117647058824,35.88235294117648,Low,2,Primary risk drivers: Downside Risk and Market Sensitivity.,35.294117647058826,67.64705882352942,52.94117647058824,50.294117647058826,1,75.0,59.64705882352941
Kotak Multi Asset Allocator FoF – Dynamic – Direct Growth,1000,5000,0.13,783.0,10,Devender Singhal,4.33,8.04,10.99,0.7,1.91,5,Kotak Mahindra Mutual Fund,0,Other,FoFs Domestic,11.2,25.0,15.3,44.11764705882353,41.17647058823529,8.823529411764707,8.823529411764707,29.411764705882355,Low,2,Primary risk drivers: Volatility and Market Sensitivity.,88.23529411764706,94.11764705882352,94.11764705882352,91.76470588235294,1,75.0,82.6764705882353
Kotak Overnight Fund,0,5000,0.07,8999.0,4,Deepak Agrawal,-0.1,0.56,0.35,0.42,-0.02,1,Kotak Mahindra Mutual Fund,3,Debt,Overnight Mutual Funds,5.4,3.9,,73.07692307692307,23.076923076923077,57.692307692307686,57.692307692307686,56.92307692307692,Moderate,3,Primary risk drivers: Volatility and Sharpe Risk.,57.692307692307686,46.15384615384615,46.15384615384615,50.76923076923077,0,100.0,76.76923076923076
Kotak Savings Fund,1000,5000,0.37,12325.0,10,Deepak Agrawal,4.14,2.57,0.58,1.12,1.85,3,Kotak Mahindra Mutual Fund,3,Debt,Ultra Short Duration Funds,5.5,5.2,6.2,67.3913043478261,76.08695652173914,32.608695652173914,36.95652173913043,56.08695652173913,Moderate,3,Primary risk drivers: Market Sensitivity and Volatility.,67.3913043478261,71.73913043478261,67.3913043478261,68.69565217391305,0,100.0,84.08695652173913
Kotak Small Cap Fund,500,500,0.59,8617.0,10,Pankaj Tibrewal,4.06,8.99,18.26,0.81,1.98,6,Kotak Mahindra Mutual Fund,4,Equity,Small Cap Mutual Funds,-0.7,43.1,17.0,52.0,38.0,30.0,52.0,44.800000000000004,Moderate,3,Primary risk drivers: Volatility and Downside Risk.,64.0,74.0,52.0,63.4,0,100.0,81.82
Kotak Tax Saver Fund,500,500,0.69,3167.0,10,Harsha Upadhyaya,3.36,4.69,14.44,0.83,1.68,6,Kotak Mahindra Mutual Fund,4,Equity,ELSS Mutual Funds,5.0,28.9,14.4,11.76470588235294,13.725490196078432,23.52941176470588,40.19607843137255,20.19607843137255,Low,2,Primary risk drivers: Downside Risk and Sharpe Risk.,56.86274509803921,78.43137254901961,61.76470588235294,64.80392156862746,1,75.0,68.31372549019608
L&T India Large Cap Fund,500,5000,1.49,757.0,10,Venugopal Manghat,2.6,-2.34,16.62,0.97,1.18,6,L&T Mutual Fund,2,Equity,Large Cap Mutual Funds,0.8,33.0,12.1,83.92857142857143,91.07142857142857,82.14285714285714,83.92857142857143,85.00000000000001,Very High,5,Primary risk drivers: Market Sensitivity and Volatility.,100.0,21.428571428571427,19.642857142857142,52.32142857142857,2,50.0,60.69642857142857
LIC MF Arbitrage Fund,1000,5000,0.31,27.0,4,Jaiprakash Toshniwal,0.67,1.23,0.78,0.6,0.55,1,LIC Mutual Fund,2,Hybrid,Arbitrage Mutual Funds,5.5,4.4,,100.0,68.18181818181817,77.27272727272727,77.27272727272727,84.54545454545455,Very High,5,Primary risk drivers: Volatility and Sharpe Risk.,29.545454545454547,27.27272727272727,27.27272727272727,28.18181818181818,2,50.0,39.36363636363636
LIC MF Banking & Fina Serv Fund,1000,5000,1.54,121.0,8,Jaiprakash Toshniwal,2.19,0.9,22.14,0.85,0.97,6,LIC Mutual Fund,2,Equity,Sectoral / Thematic Mutual Funds,13.9,22.7,8.5,82.05128205128204,64.1025641025641,91.66666666666666,83.33333333333334,80.64102564102564,Very High,5,Primary risk drivers: Sharpe Risk and Downside Risk.,20.51282051282051,9.615384615384617,17.94871794871795,16.474358974358974,2,50.0,34.044871794871796
LIC MF Banking & PSU Debt Fund,1000,5000,0.28,1190.0,10,Marzban Irani,1.49,3.94,1.53,2.05,0.78,2,LIC Mutual Fund,3,Debt,Banking and PSU Mutual Funds,4.2,5.7,6.8,17.647058823529413,58.82352941176471,64.70588235294117,64.70588235294117,44.705882352941174,Moderate,3,Primary risk drivers: Sharpe Risk and Downside Risk.,11.76470588235294,41.17647058823529,41.17647058823529,29.41176470588235,0,100.0,61.17647058823529
LIC MF Bond Fund,1000,5000,0.21,111.0,10,Marzban Irani,0.32,0.23,2.6,1.24,0.22,3,LIC Mutual Fund,2,Debt,Medium to Long Duration Funds,4.4,4.7,6.2,27.27272727272727,27.27272727272727,81.81818181818183,81.81818181818183,49.0909090909091,Moderate,3,Primary risk drivers: Sharpe Risk and Downside Risk.,18.181818181818183,27.27272727272727,27.27272727272727,23.636363636363633,0,100.0,60.727272727272734
LIC MF Children’s Gift Fund,1000,5000,1.86,12.0,10,Karan Desai,2.54,-3.65,13.05,0.9,0.99,6,LIC Mutual Fund,1,Solution Oriented,Childrens Funds,-1.9,17.1,7.6,62.5,81.25,75.0,75.0,71.25,High,4,Primary risk drivers: Market Sensitivity and Sharpe Risk.,31.25,37.5,37.5,35.0,1,75.0,54.25
LIC MF Debt Hybrid Fund,1000,5000,1.34,61.0,10,Karan Desai,2.11,-0.54,4.14,0.61,0.92,4,LIC Mutual Fund,3,Hybrid,Conservative Hybrid Mutual Funds,2.5,8.1,6.7,47.05882352941176,55.88235294117647,100.0,100.0,70.0,High,4,Primary risk drivers: Sharpe Risk and Downside Risk.,5.88235294117647,5.88235294117647,5.88235294117647,5.88235294117647,1,75.0,40.44117647058824
LIC MF Equity Hybrid Fund,1000,5000,1.43,378.0,10,Karan Desai,2.26,-2.85,11.49,0.77,0.99,6,LIC Mutual Fund,1,Hybrid,Aggressive Hybrid Mutual Funds,-0.5,15.1,8.3,16.666666666666664,15.0,100.0,100.0,49.666666666666664,Moderate,3,Primary risk drivers: Sharpe Risk and Downside Risk.,3.3333333333333335,3.3333333333333335,3.3333333333333335,3.3333333333333335,0,100.0,51.666666666666664
LIC MF Flexi Cap Fund,1000,5000,1.74,383.0,10,Amit Nadekar,2.15,-4.31,14.27,0.8,1.02,6,LIC Mutual Fund,2,Equity,Flexi Cap Funds,-0.9,18.3,8.8,9.090909090909092,13.636363636363635,88.63636363636364,86.36363636363636,41.36363636363637,Moderate,3,Primary risk drivers: Sharpe Risk and Downside Risk.,13.636363636363635,15.909090909090908,18.181818181818183,15.681818181818182,0,100.0,57.43181818181818
LIC MF G-Sec Fund,1000,10000,0.76,46.0,10,Marzban Irani,0.51,0.27,2.23,0.45,0.35,2,LIC Mutual Fund,3,Debt,Gilt Mutual Funds,3.3,4.9,7.7,10.526315789473683,5.263157894736842,73.68421052631578,68.42105263157895,33.68421052631579,Low,2,Primary risk drivers: Sharpe Risk and Downside Risk.,26.31578947368421,31.57894736842105,36.84210526315789,31.052631578947366,1,75.0,52.07894736842105
LIC MF Infrastructure Fund,1000,5000,1.47,90.0,10,Yogesh Patil,3.89,7.11,16.12,0.57,1.56,6,LIC Mutual Fund,3,Equity,Sectoral / Thematic Mutual Funds,6.7,29.8,11.2,28.205128205128204,9.615384615384617,30.76923076923077,8.974358974358974,21.153846153846157,Low,2,Primary risk drivers: Sharpe Risk and Volatility.,60.256410256410255,70.51282051282051,92.3076923076923,72.94871794871794,1,75.0,71.43589743589743
LIC MF Large & Mid Cap Fund,1000,5000,0.84,1888.0,8,Yogesh Patil,2.59,0.78,14.89,0.84,1.34,6,LIC Mutual Fund,3,Equity,Large & Mid Cap Funds,-4.3,22.8,10.9,8.333333333333332,8.333333333333332,87.5,95.83333333333334,41.66666666666667,Moderate,3,Primary risk drivers: Downside Risk and Sharpe Risk.,10.416666666666668,16.666666666666664,8.333333333333332,11.666666666666666,0,100.0,55.583333333333336
LIC MF Large Cap Fund,1000,5000,1.39,648.0,10,Yogesh Patil,2.37,-3.35,15.42,0.88,1.08,6,LIC Mutual Fund,2,Equity,Large Cap Mutual Funds,-3.2,19.7,10.9,32.142857142857146,14.285714285714285,92.85714285714286,89.28571428571429,52.14285714285715,Moderate,3,Primary risk drivers: Sharpe Risk and Downside Risk.,14.814814814814813,10.714285714285714,14.285714285714285,13.425925925925924,0,100.0,56.99074074074074
LIC MF Liquid Fund,1000,5000,0.16,5996.0,10,Rahul Singh,4.72,1.33,0.37,0.73,0.97,3,LIC Mutual Fund,3,Debt,Liquid Mutual Funds,5.6,4.4,5.3,31.818181818181817,40.909090909090914,36.36363636363637,33.33333333333333,34.84848484848485,Low,2,Primary risk drivers: Market Sensitivity and Sharpe Risk.,80.3030303030303,66.66666666666666,69.6969696969697,73.03030303030302,1,75.0,75.46969696969697
LIC MF Nifty 50 Index Fund,1000,5000,0.2,53.0,10,Jaiprakash Toshniwal,3.44,-0.85,16.75,1.0,1.3,6,LIC Mutual Fund,3,Other,Index Funds,1.0,25.8,11.7,35.0,75.0,41.66666666666667,28.333333333333332,43.0,Moderate,3,Primary risk drivers: Market Sensitivity and Sharpe Risk.,55.00000000000001,61.66666666666667,75.0,63.0,0,100.0,79.9
LIC MF Overnight Fund,1000,5000,0.07,951.0,4,Rahul Singh,0.11,0.57,0.35,0.42,0.02,1,LIC Mutual Fund,4,Debt,Overnight Mutual Funds,5.4,3.9,,73.07692307692307,23.076923076923077,42.30769230769231,44.230769230769226,51.153846153846146,Moderate,3,Primary risk drivers: Volatility and Downside Risk.,57.692307692307686,61.53846153846154,59.61538461538461,59.42307692307692,0,100.0,79.36538461538461
LIC MF S&P BSE Sensex Index Fund,1000,5000,0.38,68.0,10,Jaiprakash Toshniwal,3.4,-1.81,16.89,1.0,1.23,6,LIC Mutual Fund,3,Other,Index Funds,2.2,25.4,12.6,56.666666666666664,75.0,80.0,40.0,61.66666666666667,High,4,Primary risk drivers: Sharpe Risk and Market Sensitivity.,30.0,23.333333333333332,63.33333333333333,38.0,1,75.0,54.9
LIC MF Savings Fund,1000,5000,0.27,707.0,10,Rahul Singh,4.54,2.95,1.02,1.01,1.57,2,LIC Mutual Fund,3,Debt,Low Duration Funds,5.0,5.9,5.6,60.0,50.0,40.0,20.0,46.0,Moderate,3,Primary risk drivers: Volatility and Market Sensitivity.,57.49999999999999,65.0,85.0,68.0,0,100.0,81.9
LIC MF Short Term Debt Fund,1000,5000,0.37,110.0,4,Marzban Irani,1.26,4.66,1.61,2.57,0.76,3,LIC Mutual Fund,2,Debt,Short Duration Funds,3.7,5.7,,30.952380952380953,90.47619047619048,88.09523809523809,80.95238095238095,64.28571428571429,High,4,Primary risk drivers: Market Sensitivity and Sharpe Risk.,11.904761904761903,16.666666666666664,23.809523809523807,16.9047619047619,1,75.0,44.95238095238095
LIC MF Tax Plan – Direct Growth,500,500,1.47,401.0,10,Amit Nadekar,2.55,-0.72,14.61,0.81,1.25,6,LIC Mutual Fund,2,Equity,ELSS Mutual Funds,-1.9,20.5,9.9,15.686274509803921,7.8431372549019605,86.27450980392157,86.27450980392157,42.352941176470594,Moderate,3,Primary risk drivers: Sharpe Risk and Downside Risk.,9.803921568627452,15.686274509803921,15.686274509803921,13.333333333333332,0,100.0,55.96078431372549
LIC MF Ultra Short Term Fund,1000,5000,0.3,40.0,3,Rahul Singh,1.98,1.33,0.39,0.75,0.85,1,LIC Mutual Fund,1,Debt,Ultra Short Duration Funds,5.0,4.5,,10.869565217391305,30.434782608695656,82.6086956521739,91.30434782608695,45.21739130434783,Moderate,3,Primary risk drivers: Downside Risk and Sharpe Risk.,13.043478260869565,21.73913043478261,13.043478260869565,15.652173913043478,0,100.0,57.30434782608696
Mahindra Manulife Aggressive Hybrid Fund,500,1000,0.65,615.0,4,Fatema Pacha,3.57,4.52,12.44,0.85,1.62,6,Mahindra Manulife Mutual Fund,4,Hybrid,Aggressive Hybrid Mutual Funds,2.7,24.6,,63.33333333333333,85.0,21.666666666666668,28.333333333333332,52.33333333333333,Moderate,3,Primary risk drivers: Market Sensitivity and Volatility.,68.33333333333333,81.66666666666667,75.0,74.33333333333333,0,100.0,85.96666666666667
Mahindra Manulife Consumption Fund,500,1000,0.82,54.0,4,Abhinav Khandelwal,2.76,0.66,14.14,0.77,1.33,6,Mahindra Manulife Mutual Fund,0,Equity,Sectoral / Thematic Mutual Funds,5.7,21.3,,14.102564102564102,42.94871794871795,53.84615384615385,50.0,35.0,Low,2,Primary risk drivers: Sharpe Risk and Downside Risk.,7.6923076923076925,47.43589743589743,51.28205128205128,32.69230769230769,1,75.0,48.84615384615385
Mahindra Manulife Dynamic Bond Fund,500,1000,0.51,66.0,5,Rahul Pal,-0.01,-0.19,1.7,0.65,-0.01,3,Mahindra Manulife Mutual Fund,2,Debt,Dynamic Bond,3.4,4.4,,9.523809523809524,21.428571428571427,100.0,100.0,48.095238095238095,Moderate,3,Primary risk drivers: Sharpe Risk and Downside Risk.,4.761904761904762,4.761904761904762,4.761904761904762,4.761904761904762,0,100.0,52.38095238095238
Mahindra Manulife ELSS Fund,500,500,0.73,525.0,6,Fatema Pacha,3.64,2.66,16.21,0.94,1.53,6,Mahindra Manulife Mutual Fund,3,Equity,ELSS Mutual Funds,2.3,29.3,12.0,62.745098039215684,73.52941176470588,34.31372549019608,29.411764705882355,52.54901960784314,Moderate,3,Primary risk drivers: Market Sensitivity and Volatility.,63.725490196078425,67.64705882352942,72.54901960784314,67.54901960784314,0,100.0,83.00980392156863
Mahindra Manulife Equity Savings Fund,500,1000,0.7,418.0,6,Fatema Pacha,3.1,3.84,8.16,1.24,1.56,4,Mahindra Manulife Mutual Fund,4,Hybrid,Equity Savings Mutual Funds,1.7,32.4,13.3,100.0,100.0,42.857142857142854,66.66666666666666,81.9047619047619,Very High,5,Primary risk drivers: Volatility and Market Sensitivity.,100.0,61.904761904761905,38.095238095238095,70.0,2,50.0,66.0
Mahindra Manulife Large & Mid Cap Fund,500,1000,0.51,1056.0,3,Manish Lodha,3.07,4.98,15.69,0.88,1.61,6,Mahindra Manulife Mutual Fund,5,Equity,Large & Mid Cap Funds,-1.1,30.4,,27.083333333333332,29.166666666666668,18.75,64.58333333333334,33.333333333333336,Low,2,Primary risk drivers: Downside Risk and Market Sensitivity.,75.0,85.41666666666666,39.58333333333333,67.5,1,75.0,72.75
Mahindra Manulife Large Cap Fund,500,1000,0.67,215.0,4,Abhinav Khandelwal,2.71,-1.04,15.36,0.9,1.25,6,Mahindra Manulife Mutual Fund,4,Equity,Large Cap Mutual Funds,0.3,25.7,,25.0,30.357142857142854,67.85714285714286,73.21428571428571,44.285714285714285,Moderate,3,Primary risk drivers: Downside Risk and Sharpe Risk.,61.111111111111114,35.714285714285715,30.357142857142854,44.26587301587301,0,100.0,75.50198412698413
Mahindra Manulife Liquid Fund,0,1000,0.15,514.0,7,Rahul Pal,5.26,1.41,0.37,0.74,1.15,3,Mahindra Manulife Mutual Fund,5,Debt,Liquid Mutual Funds,5.7,4.5,5.4,31.818181818181817,48.484848484848484,9.090909090909092,21.21212121212121,28.484848484848484,Low,2,Primary risk drivers: Market Sensitivity and Volatility.,96.96969696969697,93.93939393939394,81.81818181818183,91.51515151515152,1,75.0,84.34848484848484
Mahindra Manulife Low Duration Fund,500,1000,0.37,395.0,6,Rahul Pal,3.11,2.67,0.76,1.07,1.63,3,Mahindra Manulife Mutual Fund,3,Debt,Low Duration Funds,5.2,5.5,6.4,5.0,60.0,25.0,50.0,29.0,Low,2,Primary risk drivers: Market Sensitivity and Downside Risk.,22.5,80.0,55.00000000000001,49.5,1,75.0,56.85
Mahindra Manulife Mid Cap Fund,500,1000,0.66,1060.0,5,Abhinav Khandelwal,2.99,-0.01,16.69,0.89,1.57,6,Mahindra Manulife Mutual Fund,3,Equity,Mid Cap Mutual Funds,3.7,31.0,14.7,52.17391304347826,47.82608695652174,60.86956521739131,82.6086956521739,59.1304347826087,Moderate,3,Primary risk drivers: Downside Risk and Sharpe Risk.,47.82608695652174,43.47826086956522,21.73913043478261,38.69565217391305,0,100.0,71.17391304347827
Mahindra Manulife Multi Cap Fund,500,1000,0.49,1515.0,6,Fatema Pacha,2.87,4.41,17.39,0.98,1.58,6,Mahindra Manulife Mutual Fund,0,Equity,Multi Cap Funds,1.2,32.6,15.8,80.0,90.0,30.0,90.0,74.0,High,4,Primary risk drivers: Market Sensitivity and Downside Risk.,70.0,80.0,20.0,58.0,1,75.0,68.9
Mahindra Manulife Overnight Fund,0,1000,0.12,345.0,4,Rahul Pal,0.52,0.61,0.34,0.43,0.1,1,Mahindra Manulife Mutual Fund,4,Debt,Overnight Mutual Funds,5.4,3.9,,30.76923076923077,44.230769230769226,23.076923076923077,23.076923076923077,30.384615384615387,Low,2,Primary risk drivers: Market Sensitivity and Volatility.,57.692307692307686,80.76923076923077,80.76923076923077,71.53846153846153,1,75.0,70.5
Mahindra Manulife Ultra Short Duration Fund,500,1000,0.35,170.0,3,Rahul Pal,3.72,2.38,0.56,1.05,1.74,2,Mahindra Manulife Mutual Fund,4,Debt,Ultra Short Duration Funds,5.5,5.1,,56.52173913043478,56.52173913043478,43.47826086956522,43.47826086956522,51.30434782608697,Moderate,3,Primary risk drivers: Volatility and Market Sensitivity.,47.82608695652174,60.86956521739131,60.86956521739131,55.652173913043484,0,100.0,76.26086956521739
Mirae Asset Cash Management Fund,1000,5000,0.17,5983.0,10,Abhishek Iyer,6.12,1.3,0.37,0.7,1.0,2,Mirae Asset Mutual Fund,3,Debt,Liquid Mutual Funds,5.6,4.3,5.3,31.818181818181817,30.303030303030305,25.757575757575758,9.090909090909092,25.757575757575758,Low,2,Primary risk drivers: Volatility and Market Sensitivity.,48.484848484848484,77.27272727272727,93.93939393939394,70.75757575757575,1,75.0,68.42424242424242
Mirae Asset Dynamic Bond Fund,1000,5000,0.18,213.0,6,Amit Modani,0.22,0.15,2.49,1.14,0.19,3,Mirae Asset Mutual Fund,2,Debt,Dynamic Bond,2.8,4.5,7.2,54.761904761904766,71.42857142857143,90.47619047619048,90.47619047619048,72.3809523809524,High,4,Primary risk drivers: Sharpe Risk and Downside Risk.,9.523809523809524,14.285714285714285,14.285714285714285,12.38095238095238,1,75.0,43.11904761904762
Mirae Asset Emerging Bluechip Fund,1000,5000,0.68,23394.0,10,Neelesh Surana,3.42,3.14,16.51,0.95,1.51,6,Mirae Asset Mutual Fund,5,Equity,Large & Mid Cap Funds,-1.2,29.4,15.1,58.333333333333336,83.33333333333334,39.58333333333333,29.166666666666668,53.75,Moderate,3,Primary risk drivers: Market Sensitivity and Volatility.,66.66666666666666,64.58333333333334,75.0,68.54166666666667,0,100.0,83.89583333333333
Mirae Asset Equity Savings Fund,1000,5000,0.43,573.0,4,Harshad Borawake,4.03,4.3,7.17,1.06,1.66,4,Mirae Asset Mutual Fund,5,Hybrid,Equity Savings Mutual Funds,3.7,16.1,,90.47619047619048,90.47619047619048,33.33333333333333,28.57142857142857,66.66666666666667,High,4,Primary risk drivers: Volatility and Market Sensitivity.,90.47619047619048,71.42857142857143,76.19047619047619,80.47619047619048,1,75.0,79.73809523809524
Mirae Asset Focused Fund,1000,5000,0.59,8615.0,4,Gaurav Misra,3.4,2.4,16.34,0.92,1.47,6,Mirae Asset Mutual Fund,4,Equity,Focused Funds,-4.9,28.4,,47.368421052631575,50.0,26.31578947368421,15.789473684210526,37.368421052631575,Low,2,Primary risk drivers: Market Sensitivity and Volatility.,65.78947368421053,78.94736842105263,89.47368421052632,76.84210526315789,1,75.0,73.71052631578948
Mirae Asset Great Consumer Fund,1000,5000,0.5,1989.0,10,Ankit Jain,3.41,6.38,13.39,0.7,1.68,6,Mirae Asset Mutual Fund,3,Equity,Sectoral / Thematic Mutual Funds,8.1,27.2,14.0,6.41025641025641,27.564102564102566,17.94871794871795,29.48717948717949,17.564102564102562,Very Low,1,Primary risk drivers: Downside Risk and Market Sensitivity.,53.84615384615385,83.33333333333334,71.7948717948718,68.07692307692308,2,50.0,56.19230769230769
Mirae Asset Healthcare Fund,1000,5000,0.52,1505.0,5,Vrijesh Kasera,2.23,2.95,21.5,0.99,1.0,6,Mirae Asset Mutual Fund,0,Equity,Sectoral / Thematic Mutual Funds,-10.7,25.0,,80.76923076923077,96.7948717948718,85.25641025641025,78.84615384615384,84.4871794871795,Very High,5,Primary risk drivers: Market Sensitivity and Sharpe Risk.,38.46153846153847,16.025641025641026,22.435897435897438,26.923076923076923,2,50.0,40.769230769230774
Mirae Asset Hybrid – Equity Fund,1000,5000,0.36,6952.0,8,Harshad Borawake,3.27,1.95,12.26,0.84,1.42,6,Mirae Asset Mutual Fund,4,Hybrid,Aggressive Hybrid Mutual Funds,1.7,21.9,12.2,50.0,75.0,43.333333333333336,36.666666666666664,51.00000000000001,Moderate,3,Primary risk drivers: Market Sensitivity and Volatility.,53.333333333333336,60.0,66.66666666666666,59.33333333333333,0,100.0,78.46666666666667
Mirae Asset Large Cap Fund,1000,5000,0.53,32910.0,10,Gaurav Misra,3.55,0.41,15.64,0.92,1.36,6,Mirae Asset Mutual Fund,3,Equity,Large Cap Mutual Funds,0.6,25.3,12.1,39.285714285714285,50.0,33.92857142857143,14.285714285714285,35.357142857142854,Low,2,Primary risk drivers: Market Sensitivity and Volatility.,55.55555555555556,69.64285714285714,89.28571428571429,69.90079365079366,1,75.0,69.58134920634922
Mirae Asset Midcap Fund,1000,5000,0.58,8753.0,4,Ankit Jain,3.44,2.67,16.86,0.92,1.76,6,Mirae Asset Mutual Fund,4,Equity,Mid Cap Mutual Funds,1.2,35.0,,63.04347826086957,69.56521739130434,30.434782608695656,47.82608695652174,54.78260869565218,Moderate,3,Primary risk drivers: Market Sensitivity and Volatility.,82.6086956521739,73.91304347826086,56.52173913043478,72.17391304347825,0,100.0,88.17391304347825
Mirae Asset Overnight Fund,1000,5000,0.11,632.0,3,Abhishek Iyer,1.26,0.67,0.34,0.45,0.2,1,Mirae Asset Mutual Fund,5,Debt,Overnight Mutual Funds,5.4,3.9,,30.76923076923077,69.23076923076923,7.6923076923076925,7.6923076923076925,29.230769230769234,Low,2,Primary risk drivers: Market Sensitivity and Volatility.,57.692307692307686,96.15384615384616,96.15384615384616,80.76923076923077,1,75.0,73.26923076923076
Mirae Asset Savings Fund,1000,5000,0.37,606.0,10,Kruti Chheta,3.29,2.65,0.86,1.03,1.47,2,Mirae Asset Mutual Fund,3,Debt,Low Duration Funds,5.2,5.6,5.9,25.0,55.00000000000001,50.0,45.0,40.0,Moderate,3,Primary risk drivers: Market Sensitivity and Sharpe Risk.,40.0,55.00000000000001,60.0,50.5,0,100.0,73.15
Mirae Asset Short Term Fund,1000,5000,0.31,406.0,5,Basant Bafna,1.74,4.26,1.46,2.04,1.05,2,Mirae Asset Mutual Fund,3,Debt,Short Duration Funds,4.5,6.1,6.7,4.761904761904762,61.904761904761905,38.095238095238095,61.904761904761905,34.285714285714285,Low,2,Primary risk drivers: Market Sensitivity and Downside Risk.,30.952380952380953,66.66666666666666,42.857142857142854,45.238095238095234,1,75.0,57.26190476190476
Mirae Asset Tax Saver Fund,500,500,0.54,14043.0,7,Neelesh Surana,3.73,2.58,16.81,0.98,1.52,6,Mirae Asset Mutual Fund,5,Equity,ELSS Mutual Funds,0.6,30.3,15.3,78.43137254901961,93.13725490196079,37.254901960784316,20.588235294117645,61.568627450980394,High,4,Primary risk drivers: Market Sensitivity and Volatility.,70.58823529411765,64.70588235294117,81.37254901960785,72.05882352941177,1,75.0,73.23529411764706
Motilal Oswal Balance Advantage Fund,500,500,1.19,667.0,6,Santosh Singh,1.13,-4.94,10.32,0.62,0.62,6,Motilal Oswal Mutual Fund,1,Hybrid,Dynamic Asset Allocation or Balanced Advantage,0.3,9.9,5.6,73.68421052631578,73.68421052631578,100.0,100.0,84.21052631578948,Very High,5,Primary risk drivers: Sharpe Risk and Downside Risk.,5.263157894736842,5.263157894736842,5.263157894736842,5.263157894736842,2,50.0,27.63157894736842
Motilal Oswal Equity Hybrid Fund,500,500,0.94,385.0,5,Siddharth Bothra,2.63,-1.13,11.94,0.82,1.16,6,Motilal Oswal Mutual Fund,3,Hybrid,Aggressive Hybrid Mutual Funds,1.7,32.4,13.3,40.0,60.0,91.66666666666666,76.66666666666667,61.666666666666664,High,4,Primary risk drivers: Sharpe Risk and Downside Risk.,95.0,11.666666666666666,26.666666666666668,49.5,1,75.0,71.35
Motilal Oswal Flexi Cap Fund,500,500,0.97,8332.0,9,Siddharth Bothra,1.98,-6.29,15.5,0.86,0.9,6,Motilal Oswal Mutual Fund,1,Equity,Flexi Cap Funds,-1.6,16.4,4.9,36.36363636363637,22.727272727272727,100.0,90.9090909090909,57.27272727272728,Moderate,3,Primary risk drivers: Sharpe Risk and Downside Risk.,4.545454545454546,4.545454545454546,13.636363636363635,7.272727272727272,0,100.0,53.090909090909086
Motilal Oswal Focused Fund,500,500,1.0,1643.0,10,Siddharth Bothra,2.1,-4.81,16.36,0.94,1.01,6,Motilal Oswal Mutual Fund,2,Equity,Focused Funds,2.6,20.4,10.6,52.63157894736842,68.42105263157895,94.73684210526315,94.73684210526315,72.63157894736841,High,4,Primary risk drivers: Sharpe Risk and Downside Risk.,18.421052631578945,10.526315789473683,10.526315789473683,13.684210526315788,1,75.0,45.28947368421053
Motilal Oswal Large and Midcap Fund,500,500,0.73,1415.0,3,Aditya Khemani,3.17,5.27,15.94,0.85,1.55,6,Motilal Oswal Mutual Fund,3,Equity,Large & Mid Cap Funds,10.7,28.9,,45.83333333333333,18.75,31.25,50.0,38.33333333333333,Low,2,Primary risk drivers: Downside Risk and Volatility.,62.5,72.91666666666666,54.166666666666664,63.125,1,75.0,68.9375
Motilal Oswal Liquid Fund,500,500,0.21,484.0,4,Rakesh Shetty,-0.39,0.88,0.35,0.68,-0.08,2,Motilal Oswal Mutual Fund,1,Debt,Liquid Mutual Funds,5.2,3.8,,9.090909090909092,25.757575757575758,100.0,96.96969696969697,48.18181818181819,Moderate,3,Primary risk drivers: Sharpe Risk and Downside Risk.,4.545454545454546,3.0303030303030303,6.0606060606060606,4.545454545454546,0,100.0,52.27272727272727
Motilal Oswal Long Term Equity Fund,500,500,0.8,2187.0,8,Aditya Khemani,3.01,1.02,15.9,0.88,1.36,6,Motilal Oswal Mutual Fund,3,Equity,ELSS Mutual Funds,8.5,25.0,10.0,47.05882352941176,41.17647058823529,69.6078431372549,66.66666666666666,54.31372549019608,Moderate,3,Primary risk drivers: Sharpe Risk and Downside Risk.,25.49019607843137,32.35294117647059,35.294117647058826,30.490196078431367,0,100.0,64.24509803921568
Motilal Oswal Midcap Fund,500,500,0.87,3769.0,9,Niket Shah,3.72,7.69,15.34,0.77,1.98,6,Motilal Oswal Mutual Fund,5,Equity,Mid Cap Mutual Funds,14.6,34.0,16.4,8.695652173913043,4.3478260869565215,4.3478260869565215,26.08695652173913,10.434782608695652,Very Low,1,Primary risk drivers: Downside Risk and Volatility.,71.73913043478261,100.0,78.26086956521739,82.17391304347827,2,50.0,64.0
Motilal Oswal Nifty 50 Index Fund,500,500,0.14,234.0,3,Swapnil Mayekar,3.48,-0.6,16.66,0.99,1.31,6,Motilal Oswal Mutual Fund,4,Other,Index Funds,0.1,26.0,,25.0,41.66666666666667,26.666666666666668,8.333333333333332,25.33333333333334,Low,2,Primary risk drivers: Market Sensitivity and Sharpe Risk.,71.66666666666667,76.66666666666667,95.0,80.16666666666667,1,75.0,75.88333333333333
Motilal Oswal Nifty 500 Index Fund,500,500,0.4,372.0,4,Swapnil Mayekar,3.05,-0.81,16.62,0.99,1.34,6,Motilal Oswal Mutual Fund,3,Other,Index Funds,-1.2,26.7,,13.333333333333334,41.66666666666667,13.333333333333334,70.0,30.333333333333336,Low,2,Primary risk drivers: Downside Risk and Market Sensitivity.,90.0,90.0,33.33333333333333,73.0,1,75.0,77.4
Motilal Oswal Nifty Bank Index Fund,500,500,0.21,332.0,4,Swapnil Mayekar,2.02,0.0,25.4,1.0,0.95,6,Motilal Oswal Mutual Fund,2,Other,Index Funds,10.8,25.0,,100.0,75.0,98.33333333333333,83.33333333333334,91.33333333333334,Very High,5,Primary risk drivers: Volatility and Sharpe Risk.,20.0,5.0,20.0,15.5,2,50.0,33.65
Motilal Oswal Nifty Midcap 150 Index Fund,500,500,0.22,644.0,4,Swapnil Mayekar,3.32,-1.33,18.42,1.03,1.58,6,Motilal Oswal Mutual Fund,3,Other,Index Funds,4.8,33.7,,93.33333333333333,100.0,3.3333333333333335,46.666666666666664,67.33333333333333,High,4,Primary risk drivers: Market Sensitivity and Volatility.,96.66666666666667,100.0,56.666666666666664,85.66666666666667,1,75.0,82.53333333333333
Motilal Oswal Nifty Next 50 Index Fund,500,500,0.33,118.0,3,Swapnil Mayekar,1.67,-4.95,18.0,0.98,0.95,6,Motilal Oswal Mutual Fund,2,Other,Index Funds,-5.9,21.8,,80.0,15.0,98.33333333333333,100.0,74.66666666666667,High,4,Primary risk drivers: Downside Risk and Sharpe Risk.,6.666666666666667,5.0,3.3333333333333335,5.166666666666667,1,75.0,40.38333333333333
Motilal Oswal Nifty Smallcap 250 Index Fund,500,500,0.31,312.0,4,Swapnil Mayekar,2.88,-1.24,21.03,0.99,1.52,6,Motilal Oswal Mutual Fund,2,Other,Index Funds,-4.8,37.1,,96.66666666666667,41.66666666666667,6.666666666666667,76.66666666666667,63.66666666666668,High,4,Primary risk drivers: Volatility and Downside Risk.,100.0,96.66666666666667,26.666666666666668,77.0,1,75.0,80.6
Motilal Oswal Ultra Short Term Fund,500,500,0.58,101.0,10,Rakesh Shetty,-0.2,1.32,0.39,1.01,-0.09,1,Motilal Oswal Mutual Fund,1,Debt,Ultra Short Duration Funds,4.7,3.9,1.8,10.869565217391305,47.82608695652174,100.0,100.0,53.913043478260875,Moderate,3,Primary risk drivers: Sharpe Risk and Downside Risk.,4.3478260869565215,4.3478260869565215,4.3478260869565215,4.3478260869565215,0,100.0,52.17391304347826
Navi 3 In 1 Fund,500,1000,0.34,15.0,10,Aditya Mulki,3.29,0.91,15.51,0.89,1.41,6,Navi Mutual Fund,2,Hybrid,Multi Asset Allocation Mutual Funds,0.2,32.6,12.4,85.71428571428571,85.71428571428571,57.14285714285714,42.857142857142854,71.42857142857143,High,4,Primary risk drivers: Volatility and Market Sensitivity.,85.71428571428571,57.14285714285714,71.42857142857143,72.85714285714286,1,75.0,76.5
Navi Equity Hybrid Fund,500,10,0.42,82.0,5,Aditya Mulki,2.72,1.73,11.25,0.77,1.41,6,Navi Mutual Fund,3,Hybrid,Aggressive Hybrid Mutual Funds,3.2,19.7,,6.666666666666667,15.0,46.666666666666664,63.33333333333333,27.666666666666664,Low,2,Primary risk drivers: Downside Risk and Sharpe Risk.,30.0,56.666666666666664,40.0,41.0,1,75.0,55.8
Navi Flexi Cap Fund,500,10,0.43,202.0,5,Aditya Mulki,3.29,0.91,15.51,0.89,1.41,6,Navi Mutual Fund,3,Equity,Flexi Cap Funds,2.1,25.9,,40.909090909090914,43.18181818181818,36.36363636363637,31.818181818181817,38.63636363636364,Low,2,Primary risk drivers: Market Sensitivity and Volatility.,59.09090909090909,68.18181818181817,72.72727272727273,65.9090909090909,1,75.0,69.0909090909091
Navi Large & Midcap Fund,500,10,0.35,234.0,7,Aditya Mulki,3.12,5.26,15.37,0.85,1.61,6,Navi Mutual Fund,3,Equity,Large & Mid Cap Funds,1.6,28.7,12.7,16.666666666666664,18.75,18.75,56.25,25.416666666666664,Low,2,Primary risk drivers: Downside Risk and Market Sensitivity.,54.166666666666664,85.41666666666666,47.91666666666667,61.666666666666664,1,75.0,66.83333333333333
Navi Large Cap Equity Fund,500,1000,0.31,91.0,10,Aditya Mulki,3.12,5.26,15.37,0.85,1.61,6,Navi Mutual Fund,2,Equity,Large Cap Mutual Funds,0.2,32.6,12.4,28.57142857142857,7.142857142857142,3.571428571428571,39.285714285714285,21.42857142857143,Low,2,Primary risk drivers: Downside Risk and Volatility.,96.29629629629629,100.0,64.28571428571429,87.80423280423281,1,75.0,83.1005291005291
Navi Regular Savings Fund,500,10,0.39,26.0,10,Surbhi Sharma,2.69,1.01,3.3,0.5,1.38,4,Navi Mutual Fund,3,Hybrid,Conservative Hybrid Mutual Funds,4.4,8.4,6.5,11.76470588235294,14.705882352941178,64.70588235294117,76.47058823529412,35.88235294117647,Low,2,Primary risk drivers: Downside Risk and Sharpe Risk.,11.76470588235294,41.17647058823529,29.411764705882355,25.88235294117647,1,75.0,47.61764705882353
Navi Ultra Short Term Fund,500,1000,0.73,11.0,10,Surbhi Sharma,2.45,1.07,0.36,0.59,0.79,2,Navi Mutual Fund,1,Debt,Ultra Short Duration Funds,1.7,32.4,13.3,4.3478260869565215,26.08695652173913,95.65217391304348,78.26086956521739,41.73913043478261,Moderate,3,Primary risk drivers: Sharpe Risk and Downside Risk.,100.0,8.695652173913043,26.08695652173913,50.434782608695656,0,100.0,85.13043478260869
Nippon India Arbitrage Fund,100,5000,0.21,9234.0,10,Anand Devendra Gupta,1.67,1.74,0.7,0.61,1.31,1,Nippon India Mutual Fund,4,Hybrid,Arbitrage Mutual Funds,5.6,4.9,5.7,36.36363636363637,72.72727272727273,15.909090909090908,13.636363636363635,35.0,Low,2,Primary risk drivers: Market Sensitivity and Volatility.,81.81818181818183,88.63636363636364,90.9090909090909,86.5909090909091,1,75.0,79.8409090909091
Nippon India Balanced Advantage Fund,100,100,0.65,6593.0,10,Amar Kalkundrikar,3.76,3.1,8.53,0.56,1.58,5,Nippon India Mutual Fund,3,Hybrid,Dynamic Asset Allocation or Balanced Advantage,5.3,17.1,10.1,42.10526315789473,50.0,26.31578947368421,26.31578947368421,37.36842105263158,Low,2,Primary risk drivers: Market Sensitivity and Volatility.,57.89473684210527,78.94736842105263,78.94736842105263,70.52631578947368,1,75.0,70.23684210526316
Nippon India Banking & PSU Debt Fund,100,5000,0.33,4008.0,8,Pranay Sinha,1.84,5.1,1.92,2.27,1.08,3,Nippon India Mutual Fund,4,Debt,Banking and PSU Mutual Funds,4.2,6.9,7.4,52.94117647058824,70.58823529411765,23.52941176470588,41.17647058823529,48.23529411764706,Moderate,3,Primary risk drivers: Market Sensitivity and Volatility.,85.29411764705883,82.35294117647058,64.70588235294117,78.23529411764706,0,100.0,90.52941176470588
Nippon India Banking&Financial Services-DirGrowth,100,5000,1.32,3826.0,10,Vinay Sharma,2.22,6.01,24.98,0.93,1.15,6,Nippon India Mutual Fund,3,Equity,Sectoral / Thematic Mutual Funds,8.8,28.3,9.5,98.71794871794873,84.61538461538461,70.51282051282051,80.76923076923077,86.66666666666669,Very High,5,Primary risk drivers: Volatility and Market Sensitivity.,58.97435897435898,30.76923076923077,20.51282051282051,38.97435897435897,2,50.0,48.48717948717949
Nippon India Consumption Fund,100,5000,1.76,312.0,10,Amar Kalkundrikar,4.22,8.77,14.85,0.76,1.76,6,Nippon India Mutual Fund,5,Equity,Sectoral / Thematic Mutual Funds,12.1,30.6,14.6,20.51282051282051,40.38461538461539,14.102564102564102,3.8461538461538463,19.871794871794876,Very Low,1,Primary risk drivers: Market Sensitivity and Volatility.,62.82051282051282,87.17948717948718,97.43589743589743,80.51282051282051,2,50.0,61.717948717948715
Nippon India Corporate Bond Fund,100,5000,0.32,1701.0,10,Vivek Sharma,2.64,2.14,1.41,0.47,1.61,3,Nippon India Mutual Fund,5,Debt,Corporate Bond Mutual Funds,5.1,6.8,7.0,5.555555555555555,5.555555555555555,5.555555555555555,22.22222222222222,8.88888888888889,Very Low,1,Primary risk drivers: Downside Risk and Volatility.,66.66666666666666,100.0,83.33333333333334,81.66666666666667,2,50.0,62.83333333333333
Nippon India Credit Risk Fund,100,500,1.0,927.0,10,Sushil Budhia,3.84,6.08,3.87,0.9,1.26,5,Nippon India Mutual Fund,2,Debt,Credit Risk Funds,4.8,9.5,4.4,64.28571428571429,92.85714285714286,42.857142857142854,7.142857142857142,54.28571428571429,Moderate,3,Primary risk drivers: Market Sensitivity and Volatility.,78.57142857142857,64.28571428571429,100.0,80.71428571428572,0,100.0,89.92857142857144
Nippon India Dynamic Bond Fund,100,5000,0.28,3340.0,10,Pranay Sinha,0.46,0.97,4.28,2.0,0.36,3,Nippon India Mutual Fund,1,Debt,Dynamic Bond,3.6,5.6,6.7,95.23809523809523,100.0,85.71428571428571,76.19047619047619,90.47619047619048,Very High,5,Primary risk drivers: Market Sensitivity and Volatility.,38.095238095238095,19.047619047619047,28.57142857142857,29.523809523809526,2,50.0,41.47619047619048
Nippon India Equity Hybrid Fund,100,500,1.31,2764.0,10,Meenakshi Dawar,3.57,4.96,12.52,0.83,1.62,5,Nippon India Mutual Fund,1,Hybrid,Aggressive Hybrid Mutual Funds,4.2,24.3,5.9,66.66666666666666,65.0,21.666666666666668,28.333333333333332,49.666666666666664,Moderate,3,Primary risk drivers: Volatility and Market Sensitivity.,63.33333333333333,81.66666666666667,75.0,72.33333333333333,0,100.0,84.36666666666667
Nippon India Equity Savings Fund,100,5000,0.69,178.0,8,Sushil Budhia,3.22,2.71,6.41,0.89,1.41,2,Nippon India Mutual Fund,1,Hybrid,Equity Savings Mutual Funds,3.9,12.2,1.3,61.904761904761905,47.61904761904761,71.42857142857143,59.523809523809526,60.476190476190474,High,4,Primary risk drivers: Sharpe Risk and Volatility.,38.095238095238095,33.33333333333333,45.23809523809524,38.80952380952381,1,75.0,56.76190476190476
Nippon India Floating Rate Fund,100,5000,0.27,7288.0,10,Anju Chhajer,2.66,4.77,1.72,1.84,1.34,3,Nippon India Mutual Fund,3,Debt,Floater Mutual Funds,4.5,6.9,7.1,71.42857142857143,100.0,85.71428571428571,71.42857142857143,80.0,Very High,5,Primary risk drivers: Market Sensitivity and Sharpe Risk.,71.42857142857143,28.57142857142857,42.857142857142854,50.0,2,50.0,54.285714285714285
Nippon India Focused Equity Fund,100,5000,1.2,5929.0,10,Vinay Sharma,3.5,2.01,20.2,1.12,1.4,6,Nippon India Mutual Fund,3,Equity,Focused Funds,3.2,33.0,11.9,100.0,100.0,52.63157894736842,10.526315789473683,72.63157894736842,High,4,Primary risk drivers: Volatility and Market Sensitivity.,89.47368421052632,52.63157894736842,94.73684210526315,80.0,1,75.0,79.39473684210526
Nippon India Gold Savings Fund,100,100,0.19,1447.0,10,Mehul Dama,1.03,-0.52,14.76,1.04,0.46,5,Nippon India Mutual Fund,2,Other,FoFs Domestic,14.2,11.7,13.1,79.41176470588235,100.0,82.35294117647058,80.88235294117648,84.41176470588235,Very High,5,Primary risk drivers: Market Sensitivity and Sharpe Risk.,23.52941176470588,20.588235294117645,22.058823529411764,22.205882352941174,2,50.0,36.36764705882353
Nippon India Growth Fund,100,100,1.09,13409.0,10,Rupesh Patel,3.62,2.25,16.8,0.91,1.74,6,Nippon India Mutual Fund,4,Equity,Mid Cap Mutual Funds,5.6,32.4,14.5,56.52173913043478,63.04347826086957,34.78260869565217,34.78260869565217,49.1304347826087,Moderate,3,Primary risk drivers: Market Sensitivity and Volatility.,56.52173913043478,69.56521739130434,69.56521739130434,64.34782608695652,0,100.0,80.6086956521739
Nippon India GSF – Direct Growth,100,5000,0.63,1158.0,10,Pranay Sinha,0.57,0.57,2.98,0.69,0.45,2,Nippon India Mutual Fund,3,Debt,Gilt Mutual Funds,4.4,5.5,8.3,73.68421052631578,81.57894736842105,52.63157894736842,52.63157894736842,66.84210526315789,High,4,Primary risk drivers: Market Sensitivity and Volatility.,57.89473684210527,52.63157894736842,52.63157894736842,54.73684210526315,1,75.0,65.5
Nippon India Hybrid Bond Fund,100,5000,1.26,716.0,10,Sushil Budhia,4.19,3.09,2.5,0.33,2.17,6,Nippon India Mutual Fund,1,Hybrid,Conservative Hybrid Mutual Funds,5.1,9.6,3.4,5.88235294117647,5.88235294117647,11.76470588235294,17.647058823529413,9.411764705882353,Very Low,1,Primary risk drivers: Downside Risk and Sharpe Risk.,23.52941176470588,94.11764705882352,88.23529411764706,64.11764705882352,2,50.0,48.94117647058823
Nippon India Income Fund,100,5000,0.58,238.0,10,Vivek Sharma,0.6,1.14,3.05,1.43,0.5,2,Nippon India Mutual Fund,3,Debt,Medium to Long Duration Funds,6.0,5.8,7.9,63.63636363636363,72.72727272727273,54.54545454545454,63.63636363636363,63.63636363636363,High,4,Primary risk drivers: Market Sensitivity and Volatility.,50.0,54.54545454545454,45.45454545454545,49.99999999999999,1,75.0,62.5
Nippon India Index Fund,100,5000,0.15,374.0,10,Mehul Dama,3.23,-1.01,16.9,1.0,1.28,6,Nippon India Mutual Fund,4,Other,Index Funds,1.5,25.6,13.0,60.0,75.0,58.333333333333336,60.0,62.66666666666667,High,4,Primary risk drivers: Market Sensitivity and Volatility.,40.0,45.0,43.333333333333336,42.5,1,75.0,58.25
Nippon India Index Fund,100,100,0.2,638.0,10,Mehul Dama,3.33,-1.48,16.64,0.99,1.26,6,Nippon India Mutual Fund,3,Other,Index Funds,0.9,26.0,11.9,16.666666666666664,41.66666666666667,71.66666666666667,43.333333333333336,38.0,Low,2,Primary risk drivers: Sharpe Risk and Downside Risk.,71.66666666666667,31.666666666666664,60.0,56.16666666666667,1,75.0,68.68333333333334
Nippon India Large Cap Fund,100,100,1.01,12524.0,10,Sailesh Raj Bhan,3.01,2.97,17.74,1.0,1.44,6,Nippon India Mutual Fund,3,Equity,Large Cap Mutual Funds,8.4,29.5,12.6,100.0,100.0,14.285714285714285,50.0,72.85714285714286,High,4,Primary risk drivers: Volatility and Market Sensitivity.,92.5925925925926,89.28571428571429,53.57142857142857,79.8941798941799,1,75.0,79.98677248677248
Nippon India Liquid Fund,100,1000,0.2,25358.0,10,Anju Chhajer,4.53,1.5,0.39,0.83,1.01,2,Nippon India Mutual Fund,3,Debt,Liquid Mutual Funds,5.6,4.4,5.4,93.93939393939394,100.0,21.21212121212121,39.39393939393939,69.6969696969697,High,4,Primary risk drivers: Market Sensitivity and Volatility.,80.3030303030303,81.81818181818183,63.63636363636363,75.75757575757575,1,75.0,76.28787878787878
Nippon India Low Duration Fund,100,500,0.37,6232.0,10,Anju Chhajer,2.8,2.56,0.98,0.58,1.82,2,Nippon India Mutual Fund,4,Debt,Low Duration Funds,5.3,6.2,6.5,55.00000000000001,25.0,10.0,70.0,43.0,Moderate,3,Primary risk drivers: Downside Risk and Volatility.,77.5,95.0,35.0,70.0,0,100.0,86.5
Nippon India Money Market Fund,100,500,0.21,10718.0,10,Anju Chhajer,5.44,2.79,0.56,1.21,2.11,3,Nippon India Mutual Fund,5,Debt,Money Market Funds,5.7,5.3,6.3,29.411764705882355,47.05882352941176,5.88235294117647,5.88235294117647,23.529411764705884,Low,2,Primary risk drivers: Market Sensitivity and Volatility.,61.76470588235294,100.0,100.0,84.70588235294117,1,75.0,75.26470588235294
Nippon India Multi Cap Fund,100,100,1.12,14091.0,10,Sailesh Raj Bhan,3.33,6.54,19.22,0.99,1.55,6,Nippon India Mutual Fund,0,Equity,Multi Cap Funds,10.7,33.7,13.2,90.0,100.0,40.0,45.0,73.0,High,4,Primary risk drivers: Market Sensitivity and Volatility.,80.0,70.0,65.0,72.5,1,75.0,75.25
Nippon India Nifty Next 50 Junior BeES FoF-Dir Growth,100,100,0.02,148.0,4,Mehul Dama,1.75,-4.27,18.26,0.99,0.99,6,Nippon India Mutual Fund,2,Other,FoFs Domestic,-5.8,21.8,,97.05882352941177,85.29411764705883,61.76470588235294,61.76470588235294,80.58823529411767,Very High,5,Primary risk drivers: Volatility and Market Sensitivity.,76.47058823529412,41.17647058823529,41.17647058823529,55.29411764705882,2,50.0,56.88235294117647
Nippon India Overnight Fund,100,100,0.08,8861.0,4,Anju Chhajer,0.4,0.63,0.35,0.46,0.07,1,Nippon India Mutual Fund,4,Debt,Overnight Mutual Funds,5.4,3.9,,73.07692307692307,80.76923076923077,30.76923076923077,30.76923076923077,57.69230769230769,Moderate,3,Primary risk drivers: Market Sensitivity and Volatility.,57.692307692307686,73.07692307692307,73.07692307692307,66.92307692307692,0,100.0,81.61538461538461
Nippon India Pharma Fund,100,5000,1.17,4267.0,10,Sailesh Raj Bhan,2.09,2.71,20.6,0.95,0.99,6,Nippon India Mutual Fund,0,Equity,Sectoral / Thematic Mutual Funds,-7.0,24.7,15.6,73.07692307692307,90.38461538461539,88.46153846153845,89.74358974358975,82.94871794871796,Very High,5,Primary risk drivers: Market Sensitivity and Downside Risk.,34.61538461538461,12.82051282051282,11.538461538461538,21.153846153846153,2,50.0,38.269230769230774
Nippon India Power & Infra Fund,100,5000,1.58,1871.0,10,Sanjay Doshi,3.52,9.72,19.09,0.7,1.67,6,Nippon India Mutual Fund,3,Equity,Sectoral / Thematic Mutual Funds,20.4,37.2,10.1,58.97435897435898,27.564102564102566,19.871794871794872,19.871794871794872,37.05128205128206,Low,2,Primary risk drivers: Volatility and Market Sensitivity.,89.74358974358975,81.41025641025641,81.41025641025641,84.74358974358975,1,75.0,80.87179487179488
Nippon India Quant Fund,100,5000,0.54,34.0,10,Ashutosh Bhargava,2.91,2.11,14.96,0.84,1.47,6,Nippon India Mutual Fund,0,Equity,Sectoral / Thematic Mutual Funds,5.0,26.9,11.9,23.076923076923077,61.53846153846154,40.38461538461539,42.94871794871795,38.20512820512821,Low,2,Primary risk drivers: Market Sensitivity and Downside Risk.,49.358974358974365,60.89743589743589,58.333333333333336,55.51282051282051,1,75.0,64.02564102564102
Nippon India Retirement Fund,500,500,0.85,172.0,8,Pranay Sinha,1.38,-0.72,4.79,0.61,0.76,4,Nippon India Mutual Fund,2,Solution Oriented,Retirement Funds,4.0,8.4,7.4,35.0,20.0,87.5,90.0,53.5,Moderate,3,Primary risk drivers: Downside Risk and Sharpe Risk.,20.0,17.5,15.0,17.75,0,100.0,59.325
Nippon India Retirement Fund,500,500,1.03,2233.0,8,Pranay Sinha,3.35,-0.56,16.26,0.95,1.34,6,Nippon India Mutual Fund,1,Solution Oriented,Retirement Funds,1.3,25.3,6.7,100.0,95.0,35.0,25.0,71.0,High,4,Primary risk drivers: Volatility and Market Sensitivity.,80.0,70.0,80.0,77.0,1,75.0,76.6
Nippon India Short Term Fund,100,100,0.34,5147.0,10,Sushil Budhia,2.42,4.95,1.6,1.94,1.47,3,Nippon India Mutual Fund,4,Debt,Short Duration Funds,4.3,6.7,7.2,23.809523809523807,52.38095238095239,14.285714285714285,28.57142857142857,28.571428571428573,Low,2,Primary risk drivers: Market Sensitivity and Downside Risk.,66.66666666666666,90.47619047619048,76.19047619047619,76.66666666666667,1,75.0,73.83333333333333
Nippon India Small Cap Fund,100,5000,0.86,23910.0,10,Samir Rachh,4.2,10.01,19.31,0.89,2.06,6,Nippon India Mutual Fund,4,Equity,Small Cap Mutual Funds,8.7,47.6,16.8,84.0,86.0,22.0,28.000000000000004,60.8,High,4,Primary risk drivers: Market Sensitivity and Volatility.,88.0,82.0,76.0,82.6,1,75.0,79.88
Nippon India Strategic Debt Fund,100,5000,1.4,151.0,9,Sushil Budhia,2.12,4.14,8.43,0.16,0.5,6,Nippon India Mutual Fund,2,Debt,Medium Duration Funds,2.7,8.3,-0.9,91.66666666666666,8.333333333333332,75.0,25.0,58.33333333333333,Moderate,3,Primary risk drivers: Volatility and Sharpe Risk.,91.66666666666666,33.33333333333333,83.33333333333334,71.66666666666667,0,100.0,89.83333333333333
Nippon India Tax Saver (ELSS) Fund,500,500,1.18,11210.0,10,Rupesh Patel,2.75,0.53,17.25,0.98,1.37,6,Nippon India Mutual Fund,1,Equity,ELSS Mutual Funds,1.8,27.3,6.5,86.27450980392157,93.13725490196079,66.66666666666666,78.43137254901961,82.15686274509804,Very High,5,Primary risk drivers: Market Sensitivity and Volatility.,45.09803921568628,35.294117647058826,23.52941176470588,35.68627450980392,2,50.0,44.72549019607843
Nippon India USD Fund,100,100,0.38,5114.0,10,Vivek Sharma,3.13,3.47,1.79,0.53,1.54,3,Nippon India Mutual Fund,5,Debt,Ultra Short Duration Funds,5.9,7.0,5.9,100.0,17.391304347826086,58.69565217391305,69.56521739130434,69.1304347826087,High,4,Primary risk drivers: Volatility and Downside Risk.,95.65217391304348,45.65217391304348,34.78260869565217,62.391304347826086,1,75.0,75.34782608695653
Nippon India Value Fund,100,500,1.21,4641.0,10,Meenakshi Dawar,3.34,4.25,16.97,0.97,1.54,6,Nippon India Mutual Fund,3,Equity,Value Funds,0.0,30.3,12.2,69.23076923076923,76.92307692307693,34.61538461538461,38.46153846153847,57.69230769230769,Moderate,3,Primary risk drivers: Market Sensitivity and Volatility.,69.23076923076923,73.07692307692307,69.23076923076923,70.38461538461539,0,100.0,84.96153846153845
Nippon India Vision Fund,100,5000,1.55,3024.0,10,Amar Kalkundrikar,3.41,2.62,15.86,0.91,1.48,6,Nippon India Mutual Fund,1,Equity,Large & Mid Cap Funds,2.1,27.4,9.3,37.5,54.166666666666664,45.83333333333333,35.41666666666667,42.083333333333336,Moderate,3,Primary risk drivers: Market Sensitivity and Sharpe Risk.,37.5,58.333333333333336,68.75,53.125,0,100.0,73.4375
Parag Parikh Flexi Cap Fund,1000,1000,0.75,29953.0,10,Rajeev Thakkar,3.06,10.65,14.53,0.7,1.86,6,PPFAS Mutual Fund,5,Equity,Flexi Cap Funds,2.3,33.6,17.6,13.636363636363635,4.545454545454546,9.090909090909092,50.0,18.18181818181818,Very Low,1,Primary risk drivers: Downside Risk and Volatility.,86.36363636363636,95.45454545454545,54.54545454545454,79.54545454545455,2,50.0,66.13636363636363
Parag Parikh Liquid Fund,1000,5000,0.17,1456.0,5,Raj Mehta,0.59,0.87,0.34,0.62,0.13,2,PPFAS Mutual Fund,1,Debt,Liquid Mutual Funds,5.3,4.0,,6.0606060606060606,9.090909090909092,87.87878787878788,87.87878787878788,39.39393939393939,Low,2,Primary risk drivers: Sharpe Risk and Downside Risk.,18.181818181818183,15.151515151515152,15.151515151515152,16.363636363636367,1,75.0,46.04545454545455
Parag Parikh Tax Saver Fund,1000,500,0.8,1147.0,4,Rajeev Thakkar,4.17,12.64,12.88,0.62,2.11,6,PPFAS Mutual Fund,5,Equity,ELSS Mutual Funds,8.0,33.0,,3.9215686274509802,1.9607843137254901,1.9607843137254901,3.9215686274509802,3.1372549019607843,Very Low,1,Primary risk drivers: Volatility and Downside Risk.,76.47058823529412,100.0,98.0392156862745,90.0,2,50.0,67.29411764705883
PGIM India Arbitrage Fund,1000,5000,0.33,168.0,9,Utkarsh Katkoria,0.85,1.06,0.7,0.41,0.73,1,PGIM India Mutual Fund,2,Hybrid,Arbitrage Mutual Funds,5.3,4.5,5.2,36.36363636363637,13.636363636363635,68.18181818181817,72.72727272727273,45.45454545454545,Moderate,3,Primary risk drivers: Downside Risk and Sharpe Risk.,40.909090909090914,36.36363636363637,31.818181818181817,36.81818181818182,0,100.0,69.22727272727273
PGIM India Banking&PSU Debt Fund,1000,5000,0.25,53.0,10,Puneet Pal,2.06,3.87,1.73,1.62,0.99,2,PGIM India Mutual Fund,3,Debt,Banking and PSU Mutual Funds,4.1,6.4,7.1,23.52941176470588,32.35294117647059,35.294117647058826,23.52941176470588,27.647058823529413,Low,2,Primary risk drivers: Sharpe Risk and Market Sensitivity.,47.05882352941176,70.58823529411765,82.35294117647058,64.70588235294117,1,75.0,66.3235294117647
PGIM India Corporate Bond Fund,1000,5000,0.29,49.0,10,Puneet Pal,2.99,1.95,1.74,0.58,1.21,2,PGIM India Mutual Fund,4,Debt,Corporate Bond Mutual Funds,4.3,6.8,6.9,25.0,19.444444444444446,33.33333333333333,11.11111111111111,22.77777777777778,Low,2,Primary risk drivers: Sharpe Risk and Volatility.,66.66666666666666,72.22222222222221,94.44444444444444,76.66666666666666,1,75.0,73.83333333333333
PGIM India Dynamic Bond Fund,1000,5000,0.36,135.0,10,Puneet Pal,0.89,1.08,1.93,0.85,0.68,2,PGIM India Mutual Fund,3,Debt,Dynamic Bond,4.6,5.7,7.4,23.809523809523807,38.095238095238095,38.095238095238095,47.61904761904761,34.285714285714285,Low,2,Primary risk drivers: Downside Risk and Market Sensitivity.,45.23809523809524,66.66666666666666,57.14285714285714,55.23809523809524,1,75.0,63.11904761904762
PGIM India Elss Tax Saver Fund,500,500,1.0,451.0,7,Srinivas Rao Ravuri,3.32,4.67,16.01,0.92,1.64,6,PGIM India Mutual Fund,4,Equity,ELSS Mutual Funds,2.9,31.8,13.7,50.98039215686274,59.80392156862745,26.47058823529412,45.09803921568628,46.66666666666667,Moderate,3,Primary risk drivers: Market Sensitivity and Volatility.,74.50980392156863,75.49019607843137,56.86274509803921,69.50980392156863,0,100.0,85.75490196078432
PGIM India Equity Savings Fund,1000,5000,0.42,143.0,10,Anandha Padmanabhan Anjen,4.61,4.09,4.51,0.6,1.86,2,PGIM India Mutual Fund,3,Hybrid,Equity Savings Mutual Funds,4.3,12.6,8.0,4.761904761904762,9.523809523809524,7.142857142857142,9.523809523809524,7.142857142857143,Very Low,1,Primary risk drivers: Market Sensitivity and Downside Risk.,42.857142857142854,97.61904761904762,95.23809523809523,75.0,2,50.0,56.07142857142857
PGIM India Flexi Cap Fund,1000,100,0.4,5199.0,8,Aniruddha Naha,3.13,5.27,17.81,0.99,1.6,6,PGIM India Mutual Fund,5,Equity,Flexi Cap Funds,-2.3,34.0,15.7,90.9090909090909,95.45454545454545,15.909090909090908,45.45454545454545,67.72727272727272,High,4,Primary risk drivers: Market Sensitivity and Volatility.,90.9090909090909,88.63636363636364,59.09090909090909,80.68181818181819,1,75.0,79.88636363636364
PGIM India Gilt Fund,1000,5000,0.39,135.0,10,Puneet Pal,0.74,0.65,2.16,0.47,0.54,3,PGIM India Mutual Fund,3,Debt,Gilt Mutual Funds,4.2,5.3,7.0,5.263157894736842,10.526315789473683,47.368421052631575,42.10526315789473,22.105263157894733,Low,2,Primary risk drivers: Sharpe Risk and Downside Risk.,47.368421052631575,57.89473684210527,63.1578947368421,55.263157894736835,1,75.0,63.55263157894737
PGIM India Hybrid Equity Fund,1000,5000,0.68,217.0,10,Vivek Sharma,2.6,2.02,12.12,0.78,1.35,6,PGIM India Mutual Fund,2,Hybrid,Aggressive Hybrid Mutual Funds,4.0,20.6,9.0,46.666666666666664,23.333333333333332,60.0,80.0,51.333333333333336,Moderate,3,Primary risk drivers: Downside Risk and Sharpe Risk.,45.0,43.333333333333336,23.333333333333332,38.0,0,100.0,70.4
PGIM India Large Cap Fund,1000,5000,0.98,427.0,10,Srinivas Rao Ravuri,2.87,-0.62,15.14,0.89,1.28,6,PGIM India Mutual Fund,2,Equity,Large Cap Mutual Funds,4.7,24.1,10.9,14.285714285714285,21.428571428571427,60.71428571428571,64.28571428571429,35.0,Low,2,Primary risk drivers: Downside Risk and Sharpe Risk.,37.03703703703704,42.857142857142854,39.285714285714285,39.457671957671955,1,75.0,56.744708994709
PGIM India Liquid Fund,1000,100,0.17,809.0,10,Puneet Pal,4.88,1.42,0.38,0.76,1.07,2,PGIM India Mutual Fund,3,Debt,Liquid Mutual Funds,5.6,4.4,5.4,63.63636363636363,66.66666666666666,15.151515151515152,27.27272727272727,47.272727272727266,Moderate,3,Primary risk drivers: Market Sensitivity and Volatility.,80.3030303030303,87.87878787878788,75.75757575757575,81.2121212121212,0,100.0,90.42424242424242
PGIM India Low Duration Fund,1000,5000,0.35,97.0,10,Puneet Pal,0.05,0.46,1.43,0.27,0.07,2,PGIM India Mutual Fund,1,Debt,Low Duration Funds,5.5,4.3,2.0,80.0,20.0,100.0,100.0,76.0,High,4,Primary risk drivers: Sharpe Risk and Downside Risk.,5.0,5.0,5.0,5.0,1,75.0,40.0
PGIM India Midcap Opportunities Fund,1000,5000,0.46,7707.0,9,Aniruddha Naha,4.61,6.9,18.52,0.97,1.92,6,PGIM India Mutual Fund,5,Equity,Mid Cap Mutual Funds,2.0,42.9,19.0,95.65217391304348,97.82608695652173,13.043478260869565,4.3478260869565215,61.30434782608697,High,4,Primary risk drivers: Market Sensitivity and Volatility.,95.65217391304348,91.30434782608695,100.0,95.65217391304348,1,75.0,85.32608695652175
PGIM India Money Market Fund,1000,5000,0.15,235.0,3,Puneet Pal,5.23,2.48,0.5,1.14,1.92,2,PGIM India Mutual Fund,4,Debt,Money Market Funds,5.7,5.1,,17.647058823529413,11.76470588235294,38.23529411764706,11.76470588235294,19.41176470588235,Very Low,1,Primary risk drivers: Sharpe Risk and Volatility.,35.294117647058826,67.64705882352942,94.11764705882352,62.647058823529406,2,50.0,50.852941176470594
PGIM India Overnight Fund,1000,100,0.12,75.0,4,Puneet Pal,0.95,0.67,0.33,0.46,0.16,1,PGIM India Mutual Fund,4,Debt,Overnight Mutual Funds,5.4,3.9,,7.6923076923076925,80.76923076923077,13.461538461538462,11.538461538461538,24.230769230769234,Low,2,Primary risk drivers: Market Sensitivity and Sharpe Risk.,57.692307692307686,90.38461538461539,92.3076923076923,77.88461538461539,1,75.0,72.40384615384615
PGIM India Short Duration Fund,1000,5000,0.5,29.0,10,Puneet Pal,2.05,3.73,1.49,1.62,1.04,2,PGIM India Mutual Fund,3,Debt,Short Duration Funds,4.5,6.3,4.6,9.523809523809524,42.857142857142854,42.857142857142854,42.857142857142854,29.523809523809526,Low,2,Primary risk drivers: Market Sensitivity and Sharpe Risk.,42.857142857142854,61.904761904761905,61.904761904761905,54.28571428571428,1,75.0,62.35714285714285
PGIM India Ultra Short Duration Fund,1000,25000,0.25,405.0,10,Puneet Pal,4.43,2.45,0.53,1.08,1.9,2,PGIM India Mutual Fund,3,Debt,Ultra Short Duration Funds,5.5,5.2,7.3,43.47826086956522,60.86956521739131,26.08695652173913,26.08695652173913,40.00000000000001,Moderate,3,Primary risk drivers: Market Sensitivity and Volatility.,67.3913043478261,78.26086956521739,78.26086956521739,73.91304347826087,0,100.0,85.65217391304348
Quant Absolute Fund,1000,5000,0.56,1013.0,10,Sanjeev Sharma,3.75,16.98,14.41,0.73,2.12,6,Quant Mutual Fund,5,Hybrid,Aggressive Hybrid Mutual Funds,7.3,38.2,19.1,93.33333333333333,6.666666666666667,3.3333333333333335,20.0,43.333333333333336,Moderate,3,Primary risk drivers: Volatility and Downside Risk.,100.0,100.0,83.33333333333334,95.0,0,100.0,98.5
Quant Active Fund,1000,5000,0.58,3531.0,10,Sanjeev Sharma,3.33,13.82,19.65,0.97,1.87,6,Quant Mutual Fund,0,Equity,Multi Cap Funds,1.0,45.5,19.9,100.0,80.0,10.0,45.0,67.0,High,4,Primary risk drivers: Volatility and Market Sensitivity.,100.0,100.0,65.0,89.5,1,75.0,84.35
Quant Flexi Cap Fund,1000,5000,0.58,1044.0,10,Vasav Sahgal,3.65,15.93,19.16,0.91,1.94,6,Quant Mutual Fund,5,Equity,Flexi Cap Funds,6.8,47.7,18.2,100.0,56.81818181818182,4.545454545454546,9.090909090909092,54.09090909090909,Moderate,3,Primary risk drivers: Volatility and Market Sensitivity.,100.0,100.0,95.45454545454545,98.63636363636364,0,100.0,99.5909090909091
Quant Focused Fund,1000,5000,0.57,219.0,10,Sanjeev Sharma,3.14,8.6,17.34,0.85,1.61,6,Quant Mutual Fund,5,Equity,Focused Funds,5.2,33.7,13.1,84.21052631578947,15.789473684210526,15.789473684210526,47.368421052631575,49.47368421052631,Moderate,3,Primary risk drivers: Volatility and Downside Risk.,94.73684210526315,89.47368421052632,57.89473684210527,82.10526315789473,0,100.0,93.57894736842104
Quant Infrastructure Fund,1000,5000,0.64,822.0,10,Vasav Sahgal,3.44,27.24,19.24,0.53,2.3,6,Quant Mutual Fund,5,Equity,Sectoral / Thematic Mutual Funds,5.6,61.5,21.1,61.53846153846154,5.128205128205128,1.282051282051282,26.923076923076923,31.282051282051285,Low,2,Primary risk drivers: Volatility and Downside Risk.,100.0,100.0,74.35897435897436,92.3076923076923,1,75.0,85.1923076923077
Quant Large and Mid Cap Fund,1000,5000,0.56,652.0,10,Sanjeev Sharma,3.12,6.57,17.72,0.88,1.51,6,Quant Mutual Fund,5,Equity,Large & Mid Cap Funds,6.9,33.0,14.2,95.83333333333334,29.166666666666668,39.58333333333333,56.25,63.333333333333336,High,4,Primary risk drivers: Volatility and Downside Risk.,87.5,64.58333333333334,47.91666666666667,68.75,1,75.0,75.625
Quant Liquid Plan – Direct Growth,1000,5000,0.29,1561.0,10,Sanjeev Sharma,8.6,1.58,0.27,0.47,3.52,2,Quant Mutual Fund,5,Debt,Liquid Mutual Funds,5.6,4.9,5.9,3.0303030303030303,4.545454545454546,3.0303030303030303,3.0303030303030303,3.333333333333333,Very Low,1,Primary risk drivers: Market Sensitivity and Volatility.,100.0,100.0,100.0,100.0,2,50.0,75.0
Quant Mid Cap Fund,1000,5000,0.63,1550.0,10,Sanjeev Sharma,3.58,11.21,18.73,0.86,1.95,6,Quant Mutual Fund,5,Equity,Mid Cap Mutual Funds,8.8,45.1,19.8,100.0,26.08695652173913,8.695652173913043,39.130434782608695,54.78260869565218,Moderate,3,Primary risk drivers: Volatility and Downside Risk.,100.0,95.65217391304348,65.21739130434783,88.26086956521739,0,100.0,96.47826086956522
Quant Multi Asset Fund,1000,5000,0.56,634.0,10,Vasav Sahgal,3.23,19.52,18.63,0.75,1.79,6,Quant Mutual Fund,5,Hybrid,Multi Asset Allocation Mutual Funds,10.6,42.6,20.5,100.0,57.14285714285714,28.57142857142857,57.14285714285714,68.57142857142857,High,4,Primary risk drivers: Volatility and Market Sensitivity.,100.0,85.71428571428571,57.14285714285714,82.85714285714285,1,75.0,82.35714285714286
Quant Small Cap Fund,1000,5000,0.64,3301.0,10,Sanjeev Sharma,3.71,19.16,24.75,0.99,2.11,6,Quant Mutual Fund,5,Equity,Small Cap Mutual Funds,5.4,71.4,23.2,100.0,100.0,12.0,72.0,76.8,High,4,Primary risk drivers: Volatility and Market Sensitivity.,100.0,92.0,32.0,77.19999999999999,1,75.0,80.66
Quant Tax Plan- Direct Growth,500,500,0.57,2779.0,10,Vasav Sahgal,3.5,17.63,19.74,0.96,2.03,6,Quant Mutual Fund,5,Equity,ELSS Mutual Funds,0.9,54.9,22.2,94.11764705882352,87.25490196078431,3.9215686274509802,33.33333333333333,62.54901960784313,High,4,Primary risk drivers: Volatility and Market Sensitivity.,100.0,98.0392156862745,68.62745098039215,90.0,1,75.0,84.5
Quantum Dynamic Bond Fund,500,500,0.61,85.0,8,Pankaj Pathak,1.05,0.93,1.77,0.83,0.66,3,Quantum Mutual Fund,3,Debt,Dynamic Bond,5.4,5.9,6.9,14.285714285714285,28.57142857142857,45.23809523809524,33.33333333333333,27.142857142857146,Low,2,Primary risk drivers: Sharpe Risk and Downside Risk.,54.761904761904766,59.523809523809526,71.42857142857143,61.19047619047619,1,75.0,66.80952380952381
Quantum Equity Fund,500,500,0.51,88.0,14,Chirag Mehta,3.01,-0.78,14.75,0.86,1.32,6,Quantum Mutual Fund,2,Other,FoFs Domestic,-0.5,22.9,9.1,76.47058823529412,58.82352941176471,47.05882352941176,42.64705882352941,60.29411764705883,High,4,Primary risk drivers: Volatility and Market Sensitivity.,85.29411764705883,55.88235294117647,60.29411764705882,68.97058823529412,1,75.0,75.25
Quantum Gold Savings Fund,500,500,0.06,83.0,12,Chirag Mehta,0.98,-0.98,13.78,0.99,0.44,5,Quantum Mutual Fund,1,Other,FoFs Domestic,14.3,11.7,13.0,61.76470588235294,85.29411764705883,89.70588235294117,85.29411764705883,76.76470588235294,High,4,Primary risk drivers: Sharpe Risk and Market Sensitivity.,23.52941176470588,13.23529411764706,17.647058823529413,18.676470588235293,1,75.0,47.80882352941176
Quantum Liquid Fund,500,5000,0.15,628.0,17,Pankaj Pathak,0.92,0.94,0.36,0.65,0.19,1,Quantum Mutual Fund,2,Debt,Liquid Mutual Funds,5.4,4.0,4.9,16.666666666666664,18.181818181818183,84.84848484848484,84.84848484848484,44.24242424242424,Moderate,3,Primary risk drivers: Sharpe Risk and Downside Risk.,18.181818181818183,18.181818181818183,18.181818181818183,18.181818181818183,0,100.0,59.09090909090909
Quantum Long Term Equity Value Fund,500,500,1.29,837.0,17,George Thomas,3.0,2.04,15.72,0.9,1.42,6,Quantum Mutual Fund,2,Equity,Value Funds,2.4,26.5,8.8,30.76923076923077,34.61538461538461,76.92307692307693,76.92307692307693,50.00000000000001,Moderate,3,Primary risk drivers: Sharpe Risk and Downside Risk.,23.076923076923077,30.76923076923077,30.76923076923077,27.69230769230769,0,100.0,62.92307692307692
Quantum Multi Asset Fund,500,500,0.1,49.0,11,Chirag Mehta,3.12,0.61,6.73,0.42,1.24,4,Quantum Mutual Fund,3,Other,FoFs Domestic,5.5,12.4,8.1,20.588235294117645,14.705882352941178,55.88235294117647,29.411764705882355,28.235294117647058,Low,2,Primary risk drivers: Sharpe Risk and Downside Risk.,47.05882352941176,47.05882352941176,73.52941176470588,55.0,1,75.0,63.411764705882355
Quantum Tax Saving Fund,500,500,1.29,115.0,14,Christy Mathai,3.04,1.68,15.47,0.88,1.44,6,Quantum Mutual Fund,3,Equity,ELSS Mutual Funds,2.9,26.6,8.9,27.450980392156865,41.17647058823529,54.90196078431373,64.70588235294117,43.13725490196079,Moderate,3,Primary risk drivers: Downside Risk and Sharpe Risk.,39.21568627450981,47.05882352941176,37.254901960784316,40.98039215686275,0,100.0,70.13725490196079
SBI Arbitrage Opportunities Fund,500,5000,0.36,8800.0,10,Neeraj Kumar,0.93,1.18,0.76,0.45,0.77,1,SBI Mutual Fund,2,Hybrid,Arbitrage Mutual Funds,5.8,4.5,5.4,95.45454545454545,22.727272727272727,63.63636363636363,68.18181818181817,69.0909090909091,High,4,Primary risk drivers: Volatility and Downside Risk.,40.909090909090914,40.909090909090914,36.36363636363637,39.54545454545455,1,75.0,57.54545454545455
SBI Banking & Financial Services Fund,500,5000,0.78,3747.0,8,Milind Agrawal,1.98,0.4,22.28,0.85,0.95,6,SBI Mutual Fund,5,Equity,Sectoral / Thematic Mutual Funds,5.5,22.4,12.5,83.33333333333334,64.1025641025641,93.58974358974359,94.87179487179486,83.84615384615385,Very High,5,Primary risk drivers: Downside Risk and Sharpe Risk.,15.384615384615385,7.6923076923076925,6.41025641025641,10.384615384615385,2,50.0,31.192307692307693
SBI Banking and PSU Fund,500,5000,0.35,4982.0,10,Rajeev Radhakrishnan,1.17,4.72,2.06,2.4,0.73,3,SBI Mutual Fund,2,Debt,Banking and PSU Mutual Funds,3.8,6.2,7.0,70.58823529411765,79.41176470588235,70.58823529411765,70.58823529411765,72.3529411764706,High,4,Primary risk drivers: Market Sensitivity and Volatility.,35.294117647058826,35.294117647058826,35.294117647058826,35.294117647058826,1,75.0,55.14705882352941
SBI BlueChip Fund,500,5000,0.9,33987.0,10,Sohini Andani,3.98,1.08,16.39,0.96,1.39,6,SBI Mutual Fund,3,Equity,Large Cap Mutual Funds,4.2,27.0,11.4,75.0,80.35714285714286,25.0,3.571428571428571,51.785714285714285,Moderate,3,Primary risk drivers: Market Sensitivity and Volatility.,81.48148148148148,78.57142857142857,100.0,86.16402116402116,0,100.0,92.14550264550266
SBI Conservative Hybrid Fund,500,5000,0.57,7250.0,10,Saurabh Pant,4.24,5.19,4.11,0.56,2.23,5,SBI Mutual Fund,4,Hybrid,Conservative Hybrid Mutual Funds,6.2,13.8,8.8,41.17647058823529,23.52941176470588,5.88235294117647,11.76470588235294,24.705882352941174,Low,2,Primary risk drivers: Volatility and Market Sensitivity.,82.35294117647058,100.0,94.11764705882352,91.17647058823529,1,75.0,81.3235294117647
SBI Consumption Opportunities Fund,500,5000,1.18,1185.0,10,Saurabh Pant,3.65,10.04,15.53,0.76,1.77,6,SBI Mutual Fund,4,Equity,Sectoral / Thematic Mutual Funds,11.1,31.0,12.7,25.64102564102564,40.38461538461539,12.82051282051282,14.102564102564102,23.71794871794872,Low,2,Primary risk drivers: Market Sensitivity and Volatility.,67.3076923076923,88.46153846153845,87.17948717948718,79.61538461538461,1,75.0,74.84615384615385
SBI Contra Fund,500,5000,0.91,8340.0,10,Dinesh Balachandran,4.43,15.26,16.56,0.89,2.13,6,SBI Mutual Fund,5,Equity,Contra Funds,15.0,43.4,15.6,100.0,33.33333333333333,33.33333333333333,33.33333333333333,59.99999999999999,Moderate,3,Primary risk drivers: Volatility and Market Sensitivity.,100.0,100.0,100.0,100.0,0,100.0,100.0
SBI Corporate Bond Fund,500,5000,0.34,16551.0,4,Rajeev Radhakrishnan,1.54,1.51,1.88,0.75,0.92,2,SBI Mutual Fund,3,Debt,Corporate Bond Mutual Funds,4.1,6.4,,50.0,61.111111111111114,55.55555555555556,66.66666666666666,56.66666666666667,Moderate,3,Primary risk drivers: Downside Risk and Market Sensitivity.,38.88888888888889,50.0,38.88888888888889,42.22222222222223,0,100.0,70.44444444444446
SBI Credit Risk Fund,500,10000,0.92,2782.0,10,Lokesh Mallya,2.05,2.96,1.82,0.17,1.5,5,SBI Mutual Fund,3,Debt,Credit Risk Funds,5.2,7.2,7.0,21.428571428571427,64.28571428571429,21.428571428571427,35.714285714285715,32.85714285714286,Low,2,Primary risk drivers: Market Sensitivity and Downside Risk.,35.714285714285715,85.71428571428571,71.42857142857143,61.42857142857143,1,75.0,63.07142857142858
SBI Dynamic Bond Fund,500,5000,0.87,2407.0,10,Dinesh Ahuja,0.88,1.34,2.49,1.06,0.66,3,SBI Mutual Fund,4,Debt,Dynamic Bond,5.9,5.9,7.9,54.761904761904766,57.14285714285714,45.23809523809524,52.38095238095239,52.85714285714286,Moderate,3,Primary risk drivers: Market Sensitivity and Volatility.,54.761904761904766,59.523809523809526,52.38095238095239,55.47619047619048,0,100.0,77.59523809523809
SBI Equity Hybrid Fund,500,1000,0.79,54492.0,10,R Srinivasan,2.77,0.1,11.8,0.79,1.25,6,SBI Mutual Fund,3,Hybrid,Aggressive Hybrid Mutual Funds,-1.9,18.4,10.8,36.666666666666664,35.0,81.66666666666667,58.333333333333336,49.66666666666667,Moderate,3,Primary risk drivers: Sharpe Risk and Downside Risk.,20.0,21.666666666666668,45.0,28.0,0,100.0,62.4
SBI Equity Minimum Variance – Direct Growth,500,5000,0.42,134.0,4,Raviprakash Sharma,3.09,2.72,14.84,0.81,1.47,6,SBI Mutual Fund,0,Equity,Sectoral / Thematic Mutual Funds,4.9,27.0,,19.230769230769234,54.48717948717948,40.38461538461539,39.743589743589745,34.61538461538462,Low,2,Primary risk drivers: Market Sensitivity and Sharpe Risk.,51.28205128205128,60.89743589743589,61.53846153846154,57.24358974358974,1,75.0,64.92948717948718
SBI Equity Savings Fund,500,1000,0.67,2264.0,8,Neeraj Kumar,3.49,2.91,6.94,1.02,1.47,4,SBI Mutual Fund,3,Hybrid,Equity Savings Mutual Funds,2.2,14.6,8.1,76.19047619047619,80.95238095238095,66.66666666666666,42.857142857142854,68.57142857142857,High,4,Primary risk drivers: Market Sensitivity and Volatility.,69.04761904761905,38.095238095238095,61.904761904761905,57.61904761904762,1,75.0,68.5952380952381
SBI Flexi Cap Fund,500,1000,0.85,15602.0,10,R Srinivasan,3.25,0.62,15.31,0.88,1.4,6,SBI Mutual Fund,3,Equity,Flexi Cap Funds,-1.0,25.2,11.0,31.818181818181817,34.090909090909086,43.18181818181818,40.909090909090914,36.36363636363636,Low,2,Primary risk drivers: Sharpe Risk and Downside Risk.,54.54545454545454,61.36363636363637,63.63636363636363,59.31818181818181,1,75.0,66.20454545454545
SBI FMP – Series 1 (3668 Days) – Direct Growth,0,5000,0.0,40.0,4,Ranjana Gupta,1.0,9.3,3.62,5.09,0.69,3,SBI Mutual Fund,0,Debt,Fixed Maturity Plans,4.8,6.2,,50.0,50.0,50.0,50.0,50.0,Moderate,3,Primary risk drivers: Volatility and Market Sensitivity.,75.0,100.0,100.0,90.0,0,100.0,92.0
SBI Focused Equity Fund,500,5000,0.69,26561.0,10,R Srinivasan,2.61,-0.62,15.84,0.81,1.17,6,SBI Mutual Fund,3,Equity,Focused Funds,-4.9,22.0,12.2,23.684210526315788,5.263157894736842,78.94736842105263,73.68421052631578,41.05263157894737,Moderate,3,Primary risk drivers: Sharpe Risk and Downside Risk.,26.31578947368421,26.31578947368421,31.57894736842105,27.89473684210526,0,100.0,63.63157894736842
SBI Gold Fund,500,5000,0.1,1265.0,10,Raviprakash Sharma,0.95,-0.94,13.62,0.98,0.44,6,SBI Mutual Fund,3,Other,FoFs Domestic,14.8,11.9,13.4,58.82352941176471,77.94117647058823,89.70588235294117,88.23529411764706,74.70588235294119,High,4,Primary risk drivers: Sharpe Risk and Downside Risk.,29.411764705882355,13.23529411764706,14.705882352941178,20.147058823529413,1,75.0,49.4264705882353
SBI Healthcare Opportunities Fund,500,5000,1.09,1574.0,10,Tanmaya Desai,2.12,4.45,19.03,0.87,1.09,6,SBI Mutual Fund,0,Equity,Sectoral / Thematic Mutual Funds,-1.6,25.7,13.6,56.41025641025641,71.15384615384616,76.92307692307693,87.82051282051282,69.74358974358975,High,4,Primary risk drivers: Downside Risk and Sharpe Risk.,42.30769230769231,24.358974358974358,13.461538461538462,28.269230769230766,1,75.0,54.442307692307686
SBI Infrastructure Fund,500,5000,1.88,927.0,10,Bhavin Vithiani,4.0,10.52,16.14,0.57,1.79,6,SBI Mutual Fund,4,Equity,Sectoral / Thematic Mutual Funds,12.8,33.5,13.0,29.48717948717949,9.615384615384617,7.6923076923076925,6.41025641025641,16.53846153846154,Very Low,1,Primary risk drivers: Volatility and Market Sensitivity.,74.35897435897436,93.58974358974359,94.87179487179486,86.28205128205128,2,50.0,65.75641025641026
SBI Large & Midcap Fund,500,5000,0.99,9441.0,10,Saurabh Pant,3.24,6.49,16.04,0.89,1.67,6,SBI Mutual Fund,5,Equity,Large & Mid Cap Funds,6.5,30.2,13.6,50.0,39.58333333333333,8.333333333333332,45.83333333333333,38.75,Low,2,Primary risk drivers: Volatility and Downside Risk.,70.83333333333334,95.83333333333334,58.333333333333336,74.58333333333334,1,75.0,74.04166666666667
SBI Liquid Fund,500,500,0.18,57052.0,10,R Arun,4.07,1.35,0.38,0.76,0.88,2,SBI Mutual Fund,3,Debt,Liquid Mutual Funds,5.6,4.3,5.3,63.63636363636363,66.66666666666666,60.60606060606061,63.63636363636363,63.63636363636363,High,4,Primary risk drivers: Market Sensitivity and Volatility.,48.484848484848484,42.42424242424242,39.39393939393939,43.93939393939394,1,75.0,60.378787878787875
SBI Long Term Advantage Fund,0,500,1.75,164.0,6,R Srinivasan,3.93,12.2,18.27,0.87,1.79,4,SBI Mutual Fund,0,Equity,ELSS Mutual Funds,0.1,43.3,19.5,88.23529411764706,31.372549019607842,21.568627450980394,11.76470588235294,48.23529411764706,Moderate,3,Primary risk drivers: Volatility and Market Sensitivity.,94.11764705882352,80.3921568627451,90.19607843137256,88.82352941176471,0,100.0,95.47058823529413
SBI Long Term Advantage Fund,0,500,1.76,57.0,7,R Srinivasan,3.71,10.16,15.74,0.83,1.9,4,SBI Mutual Fund,0,Equity,ELSS Mutual Funds,1.1,36.2,15.4,40.19607843137255,13.725490196078432,5.88235294117647,24.509803921568626,24.901960784313726,Low,2,Primary risk drivers: Volatility and Downside Risk.,84.31372549019608,96.07843137254902,77.45098039215686,85.7843137254902,1,75.0,80.09803921568627
SBI Long Term Advantage Fund,0,500,1.76,30.0,8,R Srinivasan,3.76,9.72,15.74,0.83,1.85,4,SBI Mutual Fund,0,Equity,ELSS Mutual Funds,0.5,35.5,14.5,40.19607843137255,13.725490196078432,14.705882352941178,17.647058823529413,25.294117647058826,Low,2,Primary risk drivers: Volatility and Downside Risk.,82.35294117647058,87.25490196078431,84.31372549019608,84.41176470588235,1,75.0,79.29411764705881
SBI Long Term Advantage Fund,0,500,1.76,36.0,8,R Srinivasan,3.69,10.17,15.98,0.84,1.87,4,SBI Mutual Fund,0,Equity,ELSS Mutual Funds,1.0,36.4,14.0,49.01960784313725,21.568627450980394,9.803921568627452,27.450980392156865,31.372549019607845,Low,2,Primary risk drivers: Volatility and Downside Risk.,86.27450980392157,92.15686274509804,74.50980392156863,84.50980392156863,1,75.0,80.10784313725492
SBI Long Term Advantage Fund,0,500,1.76,222.0,5,R Srinivasan,3.73,4.52,15.18,0.84,1.61,4,SBI Mutual Fund,0,Equity,ELSS Mutual Funds,4.5,28.2,,19.607843137254903,21.568627450980394,29.411764705882355,20.588235294117645,22.15686274509804,Low,2,Primary risk drivers: Sharpe Risk and Market Sensitivity.,50.98039215686274,72.54901960784314,81.37254901960785,66.56862745098039,1,75.0,67.66666666666666
SBI Long Term Advantage Fund,0,500,1.76,278.0,5,R Srinivasan,3.18,-0.17,15.54,0.88,1.32,4,SBI Mutual Fund,0,Equity,ELSS Mutual Funds,-2.7,25.1,,31.372549019607842,41.17647058823529,76.47058823529412,57.84313725490197,47.64705882352941,Moderate,3,Primary risk drivers: Sharpe Risk and Downside Risk.,27.450980392156865,25.49019607843137,44.11764705882353,31.862745098039216,0,100.0,65.04901960784314
SBI Long Term Equity Fund,500,500,1.07,12158.0,10,Dinesh Balachandran,3.21,3.78,15.64,0.9,1.59,6,SBI Mutual Fund,3,Equity,ELSS Mutual Funds,8.7,30.1,11.6,35.294117647058826,50.98039215686274,31.372549019607842,51.9607843137255,40.98039215686275,Moderate,3,Primary risk drivers: Downside Risk and Market Sensitivity.,68.62745098039215,70.58823529411765,50.0,63.627450980392155,0,100.0,82.81372549019608
SBI Magnum Children’s Benefit Fund,500,5000,0.86,89.0,10,Rajeev Radhakrishnan,3.92,6.29,6.03,0.57,1.72,4,SBI Mutual Fund,4,Solution Oriented,Childrens Funds,3.1,15.2,8.3,12.5,12.5,25.0,25.0,17.5,Very Low,1,Primary risk drivers: Sharpe Risk and Downside Risk.,12.5,87.5,87.5,57.5,2,50.0,44.75
SBI Magnum Comma Fund,500,5000,2.03,417.0,10,Richard Dsouza,2.37,1.41,21.13,1.06,1.24,6,SBI Mutual Fund,0,Equity,Sectoral / Thematic Mutual Funds,-12.1,30.9,11.3,76.92307692307693,100.0,63.46153846153846,69.23076923076923,77.30769230769232,High,4,Primary risk drivers: Market Sensitivity and Volatility.,65.38461538461539,37.82051282051282,32.05128205128205,47.11538461538461,1,75.0,64.71153846153847
SBI Magnum Equity ESG Fund,500,1000,1.35,4456.0,10,Rohit Shimpi,2.88,-0.26,15.89,0.92,1.29,6,SBI Mutual Fund,0,Equity,Sectoral / Thematic Mutual Funds,-2.7,24.2,12.2,26.923076923076923,80.76923076923077,59.61538461538461,47.43589743589743,48.33333333333334,Moderate,3,Primary risk drivers: Market Sensitivity and Sharpe Risk.,28.205128205128204,41.66666666666667,53.84615384615385,39.93589743589744,0,100.0,67.62179487179488
SBI Magnum Gilt Fund,500,5000,0.46,4301.0,10,Dinesh Ahuja,1.1,1.45,2.66,0.53,0.77,3,SBI Mutual Fund,5,Debt,Gilt Mutual Funds,5.7,6.1,8.3,31.57894736842105,21.052631578947366,15.789473684210526,21.052631578947366,24.210526315789473,Low,2,Primary risk drivers: Volatility and Market Sensitivity.,78.94736842105263,89.47368421052632,84.21052631578947,83.68421052631578,1,75.0,78.39473684210526
SBI Magnum Global Fund,500,5000,1.25,5257.0,10,R Srinivasan,2.42,3.66,13.28,0.64,1.42,6,SBI Mutual Fund,0,Equity,Sectoral / Thematic Mutual Funds,1.6,24.1,11.5,5.128205128205128,21.153846153846153,46.15384615384615,64.1025641025641,28.333333333333336,Low,2,Primary risk drivers: Downside Risk and Sharpe Risk.,26.923076923076923,55.12820512820513,37.17948717948718,38.46153846153847,1,75.0,54.42307692307693
SBI Magnum Income Fund,500,5000,0.8,1510.0,10,Dinesh Ahuja,1.56,1.92,2.35,1.04,0.94,4,SBI Mutual Fund,4,Debt,Medium to Long Duration Funds,4.8,6.9,7.8,9.090909090909092,18.181818181818183,18.181818181818183,18.181818181818183,14.545454545454547,Very Low,1,Primary risk drivers: Market Sensitivity and Sharpe Risk.,77.27272727272727,90.9090909090909,90.9090909090909,85.45454545454544,2,50.0,66.09090909090908
SBI Magnum Low Duration Fund,500,5000,0.4,7717.0,10,Rajeev Radhakrishnan,3.47,3.11,0.8,1.37,1.58,3,SBI Mutual Fund,3,Debt,Low Duration Funds,5.2,5.6,6.4,15.0,100.0,32.5,35.0,39.5,Low,2,Primary risk drivers: Market Sensitivity and Downside Risk.,40.0,72.5,70.0,58.75,1,75.0,63.125
SBI Magnum Medium Duration Fund,500,5000,0.69,7087.0,10,Dinesh Ahuja,2.05,2.34,2.19,0.87,1.18,4,SBI Mutual Fund,4,Debt,Medium Duration Funds,4.6,7.2,7.9,16.666666666666664,66.66666666666666,25.0,33.33333333333333,31.666666666666664,Low,2,Primary risk drivers: Market Sensitivity and Downside Risk.,66.66666666666666,83.33333333333334,75.0,74.16666666666667,1,75.0,73.08333333333333
SBI Magnum Midcap Fund,500,5000,0.97,8732.0,10,Sohini Andani,3.93,5.5,17.15,0.91,1.89,6,SBI Mutual Fund,4,Equity,Mid Cap Mutual Funds,6.4,37.0,13.5,69.56521739130434,63.04347826086957,17.391304347826086,8.695652173913043,45.652173913043484,Moderate,3,Primary risk drivers: Volatility and Market Sensitivity.,91.30434782608695,86.95652173913044,95.65217391304348,91.30434782608695,0,100.0,95.65217391304348
SBI Magnum Ultra Short Duration Fund,2000,5000,0.31,8907.0,10,R Arun,3.14,2.47,0.58,1.2,1.49,2,SBI Mutual Fund,2,Debt,Ultra Short Duration Funds,5.2,5.1,6.1,67.3913043478261,93.47826086956522,65.21739130434783,63.04347826086957,71.30434782608697,High,4,Primary risk drivers: Market Sensitivity and Volatility.,47.82608695652174,39.130434782608695,41.30434782608695,43.26086956521739,1,75.0,60.04347826086957
SBI Multi Asset Allocation Fund,500,5000,0.88,609.0,10,Dinesh Balachandran,2.98,2.18,8.2,0.48,1.35,6,SBI Mutual Fund,3,Hybrid,Multi Asset Allocation Mutual Funds,5.9,16.1,9.6,14.285714285714285,14.285714285714285,71.42857142857143,71.42857142857143,37.142857142857146,Low,2,Primary risk drivers: Sharpe Risk and Downside Risk.,14.285714285714285,42.857142857142854,42.857142857142854,31.428571428571423,1,75.0,49.785714285714285
SBI Nifty Index Fund,500,5000,0.18,3324.0,10,Raviprakash Sharma,3.47,-0.69,16.8,1.0,1.31,6,SBI Mutual Fund,3,Other,Index Funds,0.9,26.0,11.8,50.0,75.0,26.666666666666668,15.0,43.333333333333336,Moderate,3,Primary risk drivers: Market Sensitivity and Volatility.,71.66666666666667,76.66666666666667,88.33333333333333,78.16666666666667,0,100.0,87.78333333333333
SBI Overnight Fund,2000,5000,0.1,19888.0,10,R Arun,-0.25,0.56,0.35,0.43,-0.05,1,SBI Mutual Fund,2,Debt,Overnight Mutual Funds,5.3,3.9,4.6,73.07692307692307,44.230769230769226,69.23076923076923,67.3076923076923,65.38461538461539,High,4,Primary risk drivers: Volatility and Sharpe Risk.,57.692307692307686,34.61538461538461,36.53846153846153,44.42307692307692,1,75.0,62.36538461538461
SBI PSU Fund,500,5000,1.42,505.0,10,Richard Dsouza,2.32,-0.18,19.98,0.78,1.1,6,SBI Mutual Fund,0,Equity,Sectoral / Thematic Mutual Funds,16.0,26.3,7.4,66.66666666666666,46.794871794871796,74.35897435897436,73.07692307692307,65.51282051282051,High,4,Primary risk drivers: Sharpe Risk and Downside Risk.,44.871794871794876,26.923076923076923,28.205128205128204,34.48717948717949,1,75.0,56.820512820512825
SBI Savings Fund,500,500,0.23,19441.0,10,R Arun,4.1,2.73,0.59,1.19,1.93,3,SBI Mutual Fund,3,Debt,Money Market Funds,5.5,5.3,6.2,38.23529411764706,35.294117647058826,29.411764705882355,64.70588235294117,41.1764705882353,Moderate,3,Primary risk drivers: Downside Risk and Volatility.,61.76470588235294,76.47058823529412,41.17647058823529,60.0,0,100.0,80.3529411764706
SBI Short Term Debt Fund,500,5000,0.35,13289.0,10,Rajeev Radhakrishnan,1.57,5.0,1.7,2.44,1.02,2,SBI Mutual Fund,3,Debt,Short Duration Funds,4.6,6.4,6.8,45.23809523809524,80.95238095238095,47.61904761904761,71.42857142857143,58.0952380952381,Moderate,3,Primary risk drivers: Market Sensitivity and Downside Risk.,50.0,57.14285714285714,33.33333333333333,47.14285714285714,0,100.0,74.14285714285714
SBI Small Cap Fund,500,5000,0.7,15395.0,10,R Srinivasan,4.07,6.48,16.81,0.75,1.88,6,SBI Mutual Fund,4,Equity,Small Cap Mutual Funds,8.2,38.3,15.3,12.0,14.000000000000002,72.0,48.0,31.6,Low,2,Primary risk drivers: Sharpe Risk and Downside Risk.,28.000000000000004,32.0,56.00000000000001,37.60000000000001,1,75.0,54.38
SBI Tax Advantage Fund,0,500,1.76,28.0,9,R Srinivasan,4.1,9.96,16.07,0.84,1.85,4,SBI Mutual Fund,0,Equity,ELSS Mutual Funds,1.9,41.1,21.8,56.86274509803921,21.568627450980394,14.705882352941178,6.862745098039216,31.372549019607845,Low,2,Primary risk drivers: Volatility and Market Sensitivity.,88.23529411764706,87.25490196078431,95.09803921568627,90.0,1,75.0,82.14705882352942
SBI Technology Opportunities Fund,500,5000,0.87,2861.0,10,Saurabh Pant,2.36,8.38,19.71,0.77,1.51,6,SBI Mutual Fund,0,Equity,Sectoral / Thematic Mutual Funds,-8.7,37.1,21.0,64.1025641025641,42.94871794871795,35.8974358974359,70.51282051282051,55.51282051282052,Moderate,3,Primary risk drivers: Downside Risk and Volatility.,88.46153846153845,65.38461538461539,30.76923076923077,64.23076923076923,0,100.0,86.96153846153847
Shriram Balanced Advantage Fund,1000,5000,0.6,48.0,4,Deepak Ramaraju,2.42,-0.22,7.82,0.53,1.22,6,Shriram Mutual Fund,3,Hybrid,Dynamic Asset Allocation or Balanced Advantage,2.9,13.9,,21.052631578947366,26.31578947368421,73.68421052631578,84.21052631578947,45.263157894736835,Moderate,3,Primary risk drivers: Downside Risk and Sharpe Risk.,47.368421052631575,31.57894736842105,21.052631578947366,34.73684210526316,0,100.0,69.89473684210526
Shriram Flexi Cap Fund,1000,5000,0.65,60.0,4,Deepak Ramaraju,2.74,-2.52,14.68,0.85,1.19,6,Shriram Mutual Fund,2,Equity,Flexi Cap Funds,1.4,21.5,,18.181818181818183,18.181818181818183,77.27272727272727,63.63636363636363,39.09090909090909,Low,2,Primary risk drivers: Sharpe Risk and Downside Risk.,27.27272727272727,27.27272727272727,40.909090909090914,31.36363636363636,1,75.0,52.36363636363636
Shriram Hybrid Equity Fund,1000,5000,0.65,56.0,9,Deepak Ramaraju,2.79,-1.5,11.64,0.81,1.16,6,Shriram Mutual Fund,3,Hybrid,Aggressive Hybrid Mutual Funds,0.7,17.7,8.9,23.333333333333332,53.333333333333336,91.66666666666666,51.66666666666667,48.666666666666664,Moderate,3,Primary risk drivers: Sharpe Risk and Market Sensitivity.,16.666666666666664,11.666666666666666,51.66666666666667,25.666666666666664,0,100.0,61.03333333333334
Shriram Long Term Equity Fund,500,500,0.6,36.0,4,Deepak Ramaraju,2.37,-3.01,14.39,0.83,1.14,6,Shriram Mutual Fund,3,Equity,ELSS Mutual Funds,0.8,20.1,,7.8431372549019605,13.725490196078432,94.11764705882352,92.15686274509804,43.13725490196079,Moderate,3,Primary risk drivers: Sharpe Risk and Downside Risk.,5.88235294117647,7.8431372549019605,9.803921568627452,7.647058823529411,0,100.0,53.47058823529412
Sundaram Aggressive Hybrid Fund,100,100,0.67,2981.0,10,S Bharath,4.11,2.31,11.63,0.8,1.46,5,Sundaram Mutual Fund,4,Hybrid,Aggressive Hybrid Mutual Funds,1.2,21.7,9.7,20.0,45.0,40.0,6.666666666666667,26.333333333333332,Low,2,Primary risk drivers: Market Sensitivity and Sharpe Risk.,50.0,63.33333333333333,96.66666666666667,68.0,1,75.0,67.9
Sundaram Arbitrage Fund,500,100,0.28,108.0,7,Rohit Seksaria,0.48,0.75,0.7,0.39,0.33,2,Sundaram Mutual Fund,1,Hybrid,Arbitrage Mutual Funds,5.3,3.3,2.8,36.36363636363637,9.090909090909092,81.81818181818183,81.81818181818183,49.0909090909091,Moderate,3,Primary risk drivers: Sharpe Risk and Downside Risk.,9.090909090909092,22.727272727272727,22.727272727272727,17.27272727272727,0,100.0,57.0
Sundaram Balanced Advantage Fund,500,100,0.62,1532.0,10,S Bharath,3.24,2.13,7.66,0.51,1.51,4,Sundaram Mutual Fund,5,Hybrid,Dynamic Asset Allocation or Balanced Advantage,3.9,11.9,7.2,15.789473684210526,15.789473684210526,31.57894736842105,52.63157894736842,26.315789473684212,Low,2,Primary risk drivers: Downside Risk and Sharpe Risk.,10.526315789473683,73.68421052631578,52.63157894736842,42.105263157894726,1,75.0,52.23684210526316
Sundaram Banking & PSU Debt Fund,250,5000,0.19,450.0,10,Dwijendra Srivastava,0.73,3.49,1.35,2.13,0.48,2,Sundaram Mutual Fund,2,Debt,Banking and PSU Mutual Funds,3.5,5.0,6.1,5.88235294117647,64.70588235294117,88.23529411764706,88.23529411764706,50.58823529411765,Moderate,3,Primary risk drivers: Sharpe Risk and Downside Risk.,5.88235294117647,17.647058823529413,17.647058823529413,12.941176470588236,0,100.0,55.05882352941177
Sundaram Consumption Fund,100,100,1.46,1106.0,10,Ratish Varier,3.32,0.56,14.69,0.8,1.28,6,Sundaram Mutual Fund,2,Equity,Sectoral / Thematic Mutual Funds,7.3,22.5,8.8,17.94871794871795,51.92307692307693,61.53846153846154,32.05128205128205,36.282051282051285,Low,2,Primary risk drivers: Sharpe Risk and Market Sensitivity.,16.666666666666664,39.743589743589745,69.23076923076923,39.35897435897436,1,75.0,52.64102564102564
Sundaram Corporate Bond Fund,250,5000,0.28,996.0,10,Dwijendra Srivastava,2.14,1.84,1.74,0.58,1.15,2,Sundaram Mutual Fund,4,Debt,Corporate Bond Mutual Funds,4.5,6.8,7.3,25.0,19.444444444444446,38.88888888888889,38.88888888888889,29.444444444444446,Low,2,Primary risk drivers: Sharpe Risk and Downside Risk.,66.66666666666666,66.66666666666666,66.66666666666666,66.66666666666666,1,75.0,70.83333333333333
Sundaram Debt Oriented Hybrid Fund,100,5000,1.2,30.0,10,Dwijendra Srivastava,3.43,2.48,5.16,0.62,1.33,3,Sundaram Mutual Fund,2,Hybrid,Conservative Hybrid Mutual Funds,4.1,11.6,6.2,94.11764705882352,64.70588235294117,76.47058823529412,52.94117647058824,76.47058823529413,High,4,Primary risk drivers: Volatility and Sharpe Risk.,64.70588235294117,29.411764705882355,52.94117647058824,50.588235294117645,1,75.0,65.61764705882352
Sundaram Diversified Equity – Direct Growth,100,500,1.66,1623.0,10,Sudhir Kedia,3.5,0.65,15.5,0.9,1.41,6,Sundaram Mutual Fund,2,Equity,ELSS Mutual Funds,2.2,26.1,8.9,29.411764705882355,50.98039215686274,56.86274509803921,33.33333333333333,40.0,Moderate,3,Primary risk drivers: Sharpe Risk and Market Sensitivity.,33.33333333333333,45.09803921568628,68.62745098039215,47.45098039215686,0,100.0,70.90196078431373
Sundaram Dividend Yield Fund,500,5000,1.02,382.0,10,Ratish Varier,4.03,2.79,13.93,0.8,1.55,6,Sundaram Mutual Fund,0,Equity,Dividend Yield Funds,3.2,26.4,11.7,33.33333333333333,33.33333333333333,66.66666666666666,33.33333333333333,39.99999999999999,Low,2,Primary risk drivers: Sharpe Risk and Volatility.,33.33333333333333,50.0,83.33333333333334,53.333333333333336,1,75.0,60.166666666666664
Sundaram Emerging Small Cap Series III – Dir Growth,0,5000,0.75,297.0,5,Rohit Seksaria,4.45,8.84,19.13,0.86,1.97,2,Sundaram Mutual Fund,0,Equity,Small Cap Mutual Funds,9.4,43.7,,76.0,76.0,36.0,16.0,56.00000000000001,Moderate,3,Primary risk drivers: Volatility and Market Sensitivity.,72.0,68.0,88.0,75.6,0,100.0,87.08
Sundaram Emerging Small Cap Series IV – Dir Growth,0,5000,0.75,208.0,5,Rohit Seksaria,4.29,7.54,18.88,0.85,1.9,4,Sundaram Mutual Fund,0,Equity,Small Cap Mutual Funds,6.7,41.4,,72.0,68.0,64.0,20.0,59.2,Moderate,3,Primary risk drivers: Volatility and Market Sensitivity.,44.0,40.0,84.0,54.8,0,100.0,75.24
Sundaram Emerging Small Cap Series V – Dir Growth,0,5000,0.79,79.0,5,Rohit Seksaria,4.56,8.3,19.15,0.86,1.93,6,Sundaram Mutual Fund,0,Equity,Small Cap Mutual Funds,7.6,42.3,,80.0,76.0,54.0,12.0,60.4,High,4,Primary risk drivers: Volatility and Market Sensitivity.,56.00000000000001,50.0,92.0,65.0,1,75.0,68.2
Sundaram Emerging Small Cap Series VI – Dir Growth,0,5000,0.77,41.0,5,Rohit Seksaria,4.27,8.43,18.61,0.84,1.95,6,Sundaram Mutual Fund,0,Equity,Small Cap Mutual Funds,7.8,41.9,,64.0,64.0,42.0,24.0,51.60000000000001,Moderate,3,Primary risk drivers: Volatility and Market Sensitivity.,52.0,62.0,80.0,63.4,0,100.0,79.42
Sundaram Emerging Small Cap Series VII – Dir Growth,0,5000,0.97,141.0,4,Rohit Seksaria,3.95,6.51,17.13,0.76,1.86,6,Sundaram Mutual Fund,0,Equity,Small Cap Mutual Funds,8.0,36.9,,16.0,20.0,80.0,60.0,38.4,Low,2,Primary risk drivers: Sharpe Risk and Downside Risk.,20.0,24.0,44.0,28.4,1,75.0,50.019999999999996
Sundaram Equity Savings Fund,500,100,0.54,415.0,10,Sudhir Kedia,3.24,2.5,6.14,0.94,1.5,3,Sundaram Mutual Fund,4,Hybrid,Equity Savings Mutual Funds,3.9,16.8,9.9,47.61904761904761,64.28571428571429,61.904761904761905,52.38095238095239,54.76190476190476,Moderate,3,Primary risk drivers: Market Sensitivity and Sharpe Risk.,95.23809523809523,42.857142857142854,52.38095238095239,66.66666666666666,0,100.0,89.04761904761905
Sundaram Fin Serv Opportunities – Direct Growth,100,100,0.51,601.0,10,Rohit Seksaria,2.35,2.92,22.98,0.89,1.06,6,Sundaram Mutual Fund,4,Equity,Sectoral / Thematic Mutual Funds,11.4,25.9,12.6,91.02564102564102,76.28205128205127,80.12820512820514,71.7948717948718,82.05128205128206,Very High,5,Primary risk drivers: Volatility and Sharpe Risk.,43.58974358974359,21.153846153846153,29.48717948717949,32.62820512820513,2,50.0,43.50641025641026
Sundaram Focused Fund,100,300,1.2,771.0,10,Ravi Gopalakrishnan,2.47,-1.91,16.55,0.94,1.22,6,Sundaram Mutual Fund,4,Equity,Focused Funds,-1.8,24.5,13.1,63.1578947368421,68.42105263157895,73.68421052631578,84.21052631578947,70.52631578947368,High,4,Primary risk drivers: Downside Risk and Sharpe Risk.,42.10526315789473,31.57894736842105,21.052631578947366,32.63157894736842,1,75.0,55.71052631578947
Sundaram Infrastructure Advantage Fund,100,100,1.87,594.0,10,Ashish Aggarwal,2.9,6.79,18.26,0.68,1.55,6,Sundaram Mutual Fund,2,Equity,Sectoral / Thematic Mutual Funds,7.3,32.5,9.1,51.28205128205128,25.64102564102564,32.05128205128205,45.51282051282051,41.15384615384615,Moderate,3,Primary risk drivers: Volatility and Downside Risk.,70.51282051282051,69.23076923076923,55.769230769230774,65.7051282051282,0,100.0,83.81410256410255
Sundaram Large and Mid Cap Fund,100,100,0.72,4885.0,10,Ravi Gopalakrishnan,3.07,1.94,16.28,0.93,1.43,6,Sundaram Mutual Fund,3,Equity,Large & Mid Cap Funds,-1.3,25.4,11.7,54.166666666666664,70.83333333333334,64.58333333333334,64.58333333333334,61.66666666666668,High,4,Primary risk drivers: Market Sensitivity and Sharpe Risk.,16.666666666666664,39.58333333333333,39.58333333333333,30.416666666666664,1,75.0,49.958333333333336
Sundaram Large Cap Fund,100,100,0.6,2855.0,2,Sudhir Kedia,3.64,-0.51,15.44,0.91,1.3,6,Sundaram Mutual Fund,5,Equity,Large Cap Mutual Funds,0.9,,,35.714285714285715,39.285714285714285,50.0,7.142857142857142,33.57142857142858,Low,2,Primary risk drivers: Sharpe Risk and Market Sensitivity.,,53.57142857142857,96.42857142857143,,1,75.0,
Sundaram Liquid Fund,2000,1000,0.17,4169.0,10,Dwijendra Srivastava,4.89,1.36,0.38,0.74,0.98,2,Sundaram Mutual Fund,4,Debt,Liquid Mutual Funds,5.7,4.2,3.3,63.63636363636363,48.484848484848484,31.818181818181817,24.242424242424242,46.36363636363637,Moderate,3,Primary risk drivers: Volatility and Market Sensitivity.,28.78787878787879,71.21212121212122,78.78787878787878,56.51515151515151,0,100.0,72.71212121212122
Sundaram Low Duration Fund,2000,1000,0.33,433.0,10,Dwijendra Srivastava,3.93,1.44,4.28,-1.59,0.83,2,Sundaram Mutual Fund,2,Debt,Low Duration Funds,5.6,4.9,1.8,95.0,5.0,85.0,25.0,61.0,High,4,Primary risk drivers: Volatility and Sharpe Risk.,10.0,20.0,80.0,34.0,1,75.0,49.7
Sundaram LT MC Tax Advantage Fund,0,500,1.22,27.0,6,Rohit Seksaria,3.85,13.85,20.25,0.98,1.82,6,Sundaram Mutual Fund,0,Equity,ELSS Mutual Funds,1.4,42.8,9.5,98.0392156862745,93.13725490196079,17.647058823529413,15.686274509803921,64.50980392156863,High,4,Primary risk drivers: Volatility and Market Sensitivity.,92.15686274509804,84.31372549019608,86.27450980392157,88.0392156862745,1,75.0,82.34313725490196
Sundaram LT MC Tax Advantage Fund,0,500,1.23,31.0,5,Rohit Seksaria,4.1,15.38,20.47,0.98,1.88,6,Sundaram Mutual Fund,0,Equity,ELSS Mutual Funds,3.8,44.8,9.8,100.0,93.13725490196079,7.8431372549019605,6.862745098039216,61.568627450980394,High,4,Primary risk drivers: Volatility and Market Sensitivity.,96.07843137254902,94.11764705882352,95.09803921568627,95.19607843137256,1,75.0,85.27450980392157
Sundaram LT MC Tax Advantage Fund,0,500,1.26,62.0,6,Rohit Seksaria,3.89,13.76,19.92,0.95,1.81,6,Sundaram Mutual Fund,0,Equity,ELSS Mutual Funds,3.5,42.3,8.6,96.07843137254902,82.35294117647058,19.607843137254903,13.725490196078432,61.568627450980394,High,4,Primary risk drivers: Volatility and Market Sensitivity.,90.19607843137256,82.35294117647058,88.23529411764706,87.25490196078431,1,75.0,81.7156862745098
Sundaram LT Tax Advantage Fund,0,500,1.3,18.0,5,Rohit Seksaria,4.32,13.41,18.95,0.93,1.86,6,Sundaram Mutual Fund,0,Equity,ELSS Mutual Funds,5.4,46.9,,92.15686274509804,65.68627450980392,11.76470588235294,1.9607843137254901,52.74509803921569,Moderate,3,Primary risk drivers: Volatility and Market Sensitivity.,98.0392156862745,90.19607843137256,100.0,96.27450980392157,0,100.0,98.49019607843137
Sundaram LT Tax Advantage Fund,0,500,1.2,10.0,7,Rohit Seksaria,3.46,2.08,16.02,0.94,1.51,6,Sundaram Mutual Fund,0,Equity,ELSS Mutual Funds,4.0,29.2,12.5,52.94117647058824,73.52941176470588,41.17647058823529,37.254901960784316,51.5686274509804,Moderate,3,Primary risk drivers: Market Sensitivity and Volatility.,60.78431372549019,60.78431372549019,64.70588235294117,61.96078431372548,0,100.0,80.74509803921569
Sundaram LT Tax Advantage Fund,0,500,1.01,16.0,8,Rohit Seksaria,3.5,2.52,16.1,0.94,1.53,6,Sundaram Mutual Fund,0,Equity,ELSS Mutual Funds,4.4,29.6,11.5,58.82352941176471,73.52941176470588,34.31372549019608,33.33333333333333,51.764705882352935,Moderate,3,Primary risk drivers: Market Sensitivity and Volatility.,66.66666666666666,67.64705882352942,68.62745098039215,67.54901960784314,0,100.0,83.59803921568627
Sundaram Medium Term Bond Fund,250,5000,1.11,45.0,10,Dwijendra Srivastava,0.08,-0.16,2.44,1.03,0.05,3,Sundaram Mutual Fund,2,Debt,Medium Duration Funds,2.5,5.0,5.3,58.333333333333336,83.33333333333334,100.0,100.0,80.0,Very High,5,Primary risk drivers: Sharpe Risk and Downside Risk.,12.5,8.333333333333332,8.333333333333332,10.0,2,50.0,30.5
Sundaram Mid Cap Fund,100,100,1.04,7048.0,10,S Bharath,3.74,-1.14,16.07,0.87,1.53,6,Sundaram Mutual Fund,2,Equity,Mid Cap Mutual Funds,4.3,27.4,8.2,34.78260869565217,36.95652173913043,76.08695652173914,17.391304347826086,40.0,Moderate,3,Primary risk drivers: Sharpe Risk and Market Sensitivity.,30.434782608695656,28.26086956521739,86.95652173913044,46.73913043478261,0,100.0,70.1086956521739
Sundaram Money Market Fund,1000,1000,0.22,64.0,5,Sandeep Agarwal,4.91,1.87,0.44,0.96,1.34,1,Sundaram Mutual Fund,3,Debt,Money Market Funds,5.4,4.7,,5.88235294117647,5.88235294117647,70.58823529411765,23.52941176470588,22.35294117647059,Low,2,Primary risk drivers: Sharpe Risk and Downside Risk.,14.705882352941178,35.294117647058826,82.35294117647058,41.17647058823529,1,75.0,52.794117647058826
Sundaram Multi Cap Fund,100,100,0.97,1795.0,10,Sudhir Kedia,3.06,2.11,15.69,0.9,1.48,6,Sundaram Mutual Fund,3,Equity,Multi Cap Funds,-2.2,28.1,11.0,15.0,15.0,60.0,70.0,35.0,Low,2,Primary risk drivers: Downside Risk and Sharpe Risk.,40.0,50.0,40.0,43.0,1,75.0,58.4
Sundaram Multi Cap Fund,0,5000,0.79,84.0,5,Rohit Seksaria,3.45,0.55,15.71,0.91,1.39,6,Sundaram Mutual Fund,0,Equity,Multi Cap Funds,1.5,25.0,,30.0,40.0,95.0,30.0,45.0,Moderate,3,Primary risk drivers: Sharpe Risk and Market Sensitivity.,15.0,15.0,80.0,34.5,0,100.0,63.35
Sundaram Multi Cap Fund,0,5000,0.79,143.0,5,Rohit Seksaria,3.46,0.55,15.69,0.91,1.39,6,Sundaram Mutual Fund,0,Equity,Multi Cap Funds,1.6,25.0,,15.0,40.0,95.0,20.0,37.0,Low,2,Primary risk drivers: Sharpe Risk and Market Sensitivity.,15.0,15.0,90.0,37.5,1,75.0,51.75
Sundaram Nifty 100 Equal Weight Fund,500,100,0.46,52.0,10,Rohit Seksaria,2.51,-0.45,16.99,0.98,1.27,6,Sundaram Mutual Fund,2,Other,Index Funds,-3.1,26.2,8.2,66.66666666666666,15.0,65.0,80.0,58.666666666666664,Moderate,3,Primary risk drivers: Downside Risk and Volatility.,85.0,38.333333333333336,23.333333333333332,52.5,0,100.0,82.75
Sundaram Overnight Fund,1000,5000,0.07,1006.0,4,Sandeep Agarwal,-0.3,0.6,0.35,0.46,-0.05,2,Sundaram Mutual Fund,2,Debt,Overnight Mutual Funds,5.4,3.9,,73.07692307692307,80.76923076923077,69.23076923076923,75.0,74.23076923076923,High,4,Primary risk drivers: Market Sensitivity and Downside Risk.,57.692307692307686,34.61538461538461,28.846153846153843,42.11538461538461,1,75.0,61.67307692307693
Sundaram Services Fund,750,100,0.93,2272.0,5,Rohit Seksaria,3.44,4.81,16.55,0.92,1.6,6,Sundaram Mutual Fund,0,Equity,Sectoral / Thematic Mutual Funds,3.2,31.3,,37.17948717948718,80.76923076923077,24.358974358974358,26.923076923076923,41.282051282051285,Moderate,3,Primary risk drivers: Market Sensitivity and Volatility.,69.23076923076923,76.92307692307693,74.35897435897436,73.07692307692308,0,100.0,85.76923076923077
Sundaram Short Duration Fund,2000,5000,0.28,200.0,10,Dwijendra Srivastava,2.28,2.16,4.82,-1.49,0.86,2,Sundaram Mutual Fund,5,Debt,Short Duration Funds,4.8,6.4,4.8,90.47619047619048,4.761904761904762,76.19047619047619,38.095238095238095,60.00000000000001,High,4,Primary risk drivers: Volatility and Sharpe Risk.,50.0,28.57142857142857,66.66666666666666,48.57142857142857,1,75.0,62.07142857142857
Sundaram Small Cap Fund,250,100,1.01,1962.0,10,Ravi Gopalakrishnan,3.47,6.06,18.08,0.83,1.88,6,Sundaram Mutual Fund,2,Equity,Small Cap Mutual Funds,1.6,44.9,9.3,44.0,60.0,72.0,80.0,60.0,High,4,Primary risk drivers: Downside Risk and Sharpe Risk.,84.0,32.0,24.0,50.400000000000006,1,75.0,69.42
Sundaram Tax Savings Fund,500,500,1.76,930.0,10,Sudhir Kedia,3.24,1.74,15.82,0.92,1.48,6,Sundaram Mutual Fund,3,Equity,ELSS Mutual Funds,1.2,27.7,9.9,43.13725490196079,59.80392156862745,50.98039215686274,49.01960784313725,49.21568627450981,Moderate,3,Primary risk drivers: Market Sensitivity and Sharpe Risk.,48.03921568627451,50.98039215686274,52.94117647058824,50.392156862745104,0,100.0,74.72549019607844
Sundaram Ultra Short Duration Fund,2000,1000,0.17,1412.0,10,Sandeep Agarwal,4.75,2.16,0.46,0.99,1.85,3,Sundaram Mutual Fund,3,Debt,Ultra Short Duration Funds,5.7,4.7,4.5,17.391304347826086,43.47826086956522,32.608695652173914,13.043478260869565,24.78260869565218,Low,2,Primary risk drivers: Market Sensitivity and Sharpe Risk.,23.91304347826087,71.73913043478261,91.30434782608695,58.47826086956522,1,75.0,59.826086956521735
Tata Arbitrage Fund,150,5000,0.28,5925.0,4,Sailesh Jain,1.97,1.94,0.75,0.69,1.36,1,Tata Mutual Fund,5,Hybrid,Arbitrage Mutual Funds,5.7,5.0,,86.36363636363636,95.45454545454545,9.090909090909092,9.090909090909092,57.27272727272728,Moderate,3,Primary risk drivers: Market Sensitivity and Volatility.,95.45454545454545,95.45454545454545,95.45454545454545,95.45454545454545,0,100.0,97.72727272727273
Tata Balanced Advantage Fund,150,5000,0.28,6396.0,4,RahulSingh,4.01,3.8,8.5,0.57,1.69,4,Tata Mutual Fund,4,Hybrid,Dynamic Asset Allocation or Balanced Advantage,5.8,18.7,,36.84210526315789,57.89473684210527,10.526315789473683,18.421052631578945,32.10526315789474,Low,2,Primary risk drivers: Market Sensitivity and Volatility.,84.21052631578947,94.73684210526315,86.8421052631579,88.15789473684211,1,75.0,80.78947368421052
Tata Banking & Financial Services Fund,150,5000,0.59,1272.0,7,Sonam Udasi,2.2,1.61,21.31,0.81,1.0,6,Tata Mutual Fund,4,Equity,Sectoral / Thematic Mutual Funds,11.9,23.2,12.6,78.2051282051282,54.48717948717948,85.25641025641025,82.05128205128204,75.64102564102564,High,4,Primary risk drivers: Sharpe Risk and Downside Risk.,24.358974358974358,16.025641025641026,19.230769230769234,20.32051282051282,1,75.0,48.467948717948715
Tata Banking & PSU Debt Fund,150,5000,0.23,262.0,3,Amit Somani,1.68,4.51,2.28,1.85,0.89,2,Tata Mutual Fund,3,Debt,Banking and PSU Mutual Funds,4.0,6.9,,76.47058823529412,47.05882352941176,52.94117647058824,52.94117647058824,61.176470588235304,High,4,Primary risk drivers: Volatility and Sharpe Risk.,85.29411764705883,52.94117647058824,52.94117647058824,65.88235294117646,1,75.0,74.32352941176471
Tata Digital India Fund,150,5000,0.31,6765.0,7,Meeta Shetty,2.29,6.11,22.78,0.92,1.37,6,Tata Mutual Fund,0,Equity,Sectoral / Thematic Mutual Funds,-16.0,39.0,22.1,88.46153846153845,80.76923076923077,52.56410256410257,76.28205128205127,77.30769230769229,High,4,Primary risk drivers: Volatility and Market Sensitivity.,91.02564102564102,48.717948717948715,25.0,58.52564102564102,1,75.0,73.26282051282051
Tata Equity P/E Fund,150,5000,0.91,5119.0,10,Sonam Udasi,3.31,3.51,14.91,0.86,1.54,6,Tata Mutual Fund,2,Equity,Value Funds,6.6,27.8,10.0,15.384615384615385,15.384615384615385,34.61538461538461,46.15384615384615,25.384615384615387,Low,2,Primary risk drivers: Downside Risk and Sharpe Risk.,38.46153846153847,73.07692307692307,61.53846153846154,55.76923076923077,1,75.0,61.92307692307692
Tata Equity Saving Fund,150,5000,0.12,142.0,10,Sailesh Jain,3.37,2.17,5.15,0.81,1.54,4,Tata Mutual Fund,3,Hybrid,Equity Savings Mutual Funds,3.4,12.0,7.5,19.047619047619047,28.57142857142857,47.61904761904761,47.61904761904761,32.38095238095238,Low,2,Primary risk drivers: Sharpe Risk and Downside Risk.,28.57142857142857,57.14285714285714,57.14285714285714,45.71428571428571,1,75.0,56.92857142857142
Tata Ethical Fund,150,5000,0.94,1501.0,10,Abhinav Sharma,2.75,4.88,14.48,0.74,1.53,6,Tata Mutual Fund,0,Equity,Sectoral / Thematic Mutual Funds,-1.6,27.9,13.1,15.384615384615385,37.82051282051282,33.97435897435898,51.28205128205128,30.76923076923077,Low,2,Primary risk drivers: Downside Risk and Market Sensitivity.,55.12820512820513,67.3076923076923,50.0,57.243589743589745,1,75.0,65.69871794871794
Tata Flexi Cap Fund,150,5000,0.77,2096.0,5,Sonam Udasi,2.58,-1.52,13.88,0.79,1.23,6,Tata Mutual Fund,2,Equity,Flexi Cap Funds,-2.5,21.3,,4.545454545454546,9.090909090909092,70.45454545454545,72.72727272727273,32.27272727272727,Low,2,Primary risk drivers: Downside Risk and Sharpe Risk.,22.727272727272727,34.090909090909086,31.818181818181817,28.86363636363636,1,75.0,50.70454545454545
Tata Focused Equity Fund,150,5000,0.46,1212.0,3,Meeta Shetty,3.06,1.14,16.67,0.96,1.43,6,Tata Mutual Fund,3,Equity,Focused Funds,0.4,28.4,,68.42105263157895,84.21052631578947,44.73684210526316,57.89473684210527,64.73684210526315,High,4,Primary risk drivers: Market Sensitivity and Volatility.,65.78947368421053,60.526315789473685,47.368421052631575,58.684210526315795,1,75.0,68.26315789473685
Tata Gilt Securities Fund,150,5000,0.9,256.0,10,Akhil Mittal,0.31,0.07,2.99,0.66,0.27,2,Tata Mutual Fund,2,Debt,Gilt Mutual Funds,5.2,4.8,6.9,78.94736842105263,71.05263157894737,89.47368421052632,89.47368421052632,81.57894736842105,Very High,5,Primary risk drivers: Sharpe Risk and Downside Risk.,15.789473684210526,15.789473684210526,15.789473684210526,15.789473684210526,2,50.0,32.89473684210526
Tata Hybrid Equity Fund,150,5000,1.05,3166.0,10,Chandraprakash Padiyar,3.25,2.77,12.35,0.84,1.47,6,Tata Mutual Fund,3,Hybrid,Aggressive Hybrid Mutual Funds,6.2,22.8,10.5,60.0,75.0,36.666666666666664,41.66666666666667,54.66666666666667,Moderate,3,Primary risk drivers: Market Sensitivity and Volatility.,60.0,66.66666666666666,61.66666666666667,62.5,0,100.0,80.75
Tata India Consumer Fund,150,5000,0.91,1346.0,7,Sonam Udasi,2.78,1.38,13.88,0.73,1.31,6,Tata Mutual Fund,2,Equity,Sectoral / Thematic Mutual Funds,2.8,23.0,10.6,11.538461538461538,34.61538461538461,56.41025641025641,48.717948717948715,32.56410256410257,Low,2,Primary risk drivers: Sharpe Risk and Downside Risk.,23.076923076923077,44.871794871794876,52.56410256410257,38.46153846153847,1,75.0,53.65384615384615
Tata India Pharma & Healthcare Fund,150,5000,1.01,485.0,7,Meeta Shetty,2.41,2.68,18.72,0.86,1.0,6,Tata Mutual Fund,0,Equity,Sectoral / Thematic Mutual Funds,-8.1,21.7,14.8,53.84615384615385,67.3076923076923,85.25641025641025,67.3076923076923,65.51282051282051,High,4,Primary risk drivers: Sharpe Risk and Market Sensitivity.,9.615384615384617,16.025641025641026,33.97435897435898,18.846153846153847,1,75.0,45.07692307692308
Tata India Tax Savings Fund,500,500,0.76,3078.0,8,Tejas Gutka,3.36,0.43,16.24,0.94,1.39,6,Tata Mutual Fund,0,Equity,ELSS Mutual Funds,2.2,26.5,12.0,64.70588235294117,73.52941176470588,60.78431372549019,40.19607843137255,60.7843137254902,High,4,Primary risk drivers: Market Sensitivity and Volatility.,37.254901960784316,41.17647058823529,61.76470588235294,45.78431372549019,1,75.0,58.68627450980392
Tata Infrastructure Fund,150,5000,1.42,950.0,10,Abhinav Sharma,3.52,9.44,17.14,0.63,1.73,6,Tata Mutual Fund,3,Equity,Sectoral / Thematic Mutual Funds,14.0,35.0,13.1,41.02564102564102,19.230769230769234,15.384615384615385,19.871794871794872,27.307692307692307,Low,2,Primary risk drivers: Volatility and Downside Risk.,80.76923076923077,85.8974358974359,81.41025641025641,82.5,1,75.0,78.40384615384616
Tata Large & Mid Cap Fund,150,5000,0.89,3680.0,10,Chandraprakash Padiyar,3.47,2.58,16.57,0.94,1.46,6,Tata Mutual Fund,4,Equity,Large & Mid Cap Funds,8.8,33.5,14.0,62.5,79.16666666666666,58.333333333333336,20.833333333333336,56.666666666666664,Moderate,3,Primary risk drivers: Market Sensitivity and Volatility.,100.0,45.83333333333333,83.33333333333334,78.75,0,100.0,93.625
Tata Large Cap Fund,150,5000,1.24,1365.0,10,Amey Sathe,3.05,0.45,16.0,0.94,1.35,6,Tata Mutual Fund,2,Equity,Large Cap Mutual Funds,1.8,25.7,11.3,60.71428571428571,69.64285714285714,41.07142857142857,46.42857142857143,55.714285714285715,Moderate,3,Primary risk drivers: Market Sensitivity and Volatility.,61.111111111111114,62.5,57.14285714285714,60.33730158730158,0,100.0,80.32341269841271
Tata Liquid Fund,150,5000,0.21,18212.0,10,Amit Somani,4.25,1.42,0.38,0.8,0.93,2,Tata Mutual Fund,3,Debt,Liquid Mutual Funds,5.6,4.4,5.3,63.63636363636363,93.93939393939394,46.96969696969697,51.515151515151516,63.939393939393945,High,4,Primary risk drivers: Market Sensitivity and Volatility.,80.3030303030303,56.060606060606055,51.515151515151516,64.39393939393939,1,75.0,72.87878787878788
Tata Mid Cap Growth Fund,150,5000,0.98,1759.0,10,Satish Chandra Mishra,3.3,0.16,15.94,0.87,1.61,6,Tata Mutual Fund,3,Equity,Mid Cap Mutual Funds,1.3,29.2,13.5,26.08695652173913,36.95652173913043,56.52173913043478,69.56521739130434,43.04347826086956,Moderate,3,Primary risk drivers: Downside Risk and Sharpe Risk.,39.130434782608695,47.82608695652174,34.78260869565217,40.43478260869565,0,100.0,69.95652173913044
Tata Money Market Fund,150,5000,0.17,8814.0,10,Amit Somani,4.59,2.92,0.65,1.18,2.05,3,Tata Mutual Fund,5,Debt,Money Market Funds,5.7,5.6,4.8,70.58823529411765,26.47058823529412,11.76470588235294,41.17647058823529,44.11764705882353,Moderate,3,Primary risk drivers: Volatility and Downside Risk.,94.11764705882352,94.11764705882352,64.70588235294117,85.29411764705881,0,100.0,94.41176470588235
Tata Nifty 50 Index Fund,150,5000,0.16,369.0,10,Sonam Udasi,3.45,-0.56,16.49,0.98,1.31,6,Tata Mutual Fund,3,Other,Index Funds,1.0,25.6,12.0,6.666666666666667,15.0,26.666666666666668,23.333333333333332,15.666666666666668,Very Low,1,Primary risk drivers: Sharpe Risk and Downside Risk.,40.0,76.66666666666667,80.0,63.0,2,50.0,51.9
Tata Overnight Fund,1000,5000,0.09,3236.0,4,Amit Somani,-1.59,0.47,0.35,0.43,-0.3,1,Tata Mutual Fund,3,Debt,Overnight Mutual Funds,5.4,3.9,,73.07692307692307,44.230769230769226,96.15384615384616,96.15384615384616,76.53846153846155,High,4,Primary risk drivers: Sharpe Risk and Downside Risk.,57.692307692307686,7.6923076923076925,7.6923076923076925,27.69230769230769,1,75.0,57.34615384615385
Tata Resources & Energy Fund,150,5000,0.91,232.0,7,Satish Chandra Mishra,2.48,16.72,20.36,0.49,1.44,6,Tata Mutual Fund,0,Equity,Sectoral / Thematic Mutual Funds,-3.4,34.7,15.5,69.23076923076923,3.8461538461538463,43.58974358974359,58.97435897435898,48.97435897435898,Moderate,3,Primary risk drivers: Volatility and Downside Risk.,78.2051282051282,57.692307692307686,42.30769230769231,61.282051282051285,0,100.0,84.02564102564102
Tata Retirement Savings Fund,150,5000,0.68,1557.0,10,Murthy Nagarajan,2.23,0.12,4.71,0.72,1.12,6,Tata Mutual Fund,3,Solution Oriented,Retirement Funds,0.5,19.3,9.4,30.0,30.0,55.00000000000001,65.0,42.0,Moderate,3,Primary risk drivers: Downside Risk and Sharpe Risk.,70.0,50.0,40.0,55.0,0,100.0,80.5
Tata Retirement Savings Fund,150,5000,0.67,1259.0,10,Murthy Nagarajan,2.6,0.52,11.95,0.79,1.26,6,Tata Mutual Fund,2,Solution Oriented,Retirement Funds,-0.7,33.7,11.3,65.0,62.5,42.5,40.0,55.0,Moderate,3,Primary risk drivers: Volatility and Market Sensitivity.,95.0,62.5,65.0,76.25,0,100.0,91.875
Tata Retirement Savings Fund,150,5000,0.97,166.0,10,Murthy Nagarajan,2.45,-1.98,14.02,0.79,1.19,4,Tata Mutual Fund,2,Solution Oriented,Retirement Funds,2.1,9.5,7.1,80.0,62.5,50.0,45.0,63.5,High,4,Primary risk drivers: Volatility and Market Sensitivity.,25.0,55.00000000000001,60.0,44.5,1,75.0,55.85
Tata S&P BSE Sensex Index Fund,150,5000,0.27,174.0,10,Sonam Udasi,3.2,-1.23,16.75,0.99,1.26,6,Tata Mutual Fund,4,Other,Index Funds,2.4,25.1,12.8,35.0,41.66666666666667,71.66666666666667,66.66666666666666,50.0,Moderate,3,Primary risk drivers: Sharpe Risk and Downside Risk.,25.0,31.666666666666664,36.666666666666664,30.5,0,100.0,64.15
Tata Short Term Bond Fund,150,10000,0.37,2271.0,10,Murthy Nagarajan,1.88,4.74,1.87,2.16,0.99,2,Tata Mutual Fund,3,Debt,Short Duration Funds,4.7,6.6,5.8,69.04761904761905,71.42857142857143,52.38095238095239,52.38095238095239,62.85714285714286,High,4,Primary risk drivers: Market Sensitivity and Volatility.,61.904761904761905,52.38095238095239,52.38095238095239,56.1904761904762,1,75.0,66.73809523809524
Tata Small Cap Fund,150,5000,0.26,3300.0,4,Chandraprakash Padiyar,3.98,11.28,17.43,0.77,2.12,6,Tata Mutual Fund,4,Equity,Small Cap Mutual Funds,17.1,44.1,,20.0,24.0,8.0,56.00000000000001,25.6,Low,2,Primary risk drivers: Downside Risk and Market Sensitivity.,76.0,96.0,48.0,73.6,1,75.0,74.78
Tata Treasury Advantage Fund,150,5000,0.3,2602.0,10,Akhil Mittal,2.98,3.08,0.87,1.28,1.58,2,Tata Mutual Fund,3,Debt,Low Duration Funds,5.0,5.6,5.2,32.5,82.5,32.5,60.0,48.0,Moderate,3,Primary risk drivers: Market Sensitivity and Downside Risk.,40.0,72.5,45.0,51.25,0,100.0,73.375
Tata Ultra Short Term Fund,150,5000,0.25,1629.0,4,Akhil Mittal,4.14,2.45,0.48,1.1,2.03,2,Tata Mutual Fund,4,Debt,Ultra Short Duration Funds,5.5,5.1,,21.73913043478261,67.3913043478261,13.043478260869565,36.95652173913043,32.173913043478265,Low,2,Primary risk drivers: Market Sensitivity and Downside Risk.,47.82608695652174,91.30434782608695,67.3913043478261,66.73913043478261,1,75.0,67.08695652173913
Tata Young Citizens Fund,500,500,1.8,257.0,10,Amey Sathe,2.85,1.44,15.49,0.9,1.46,6,Tata Mutual Fund,0,Solution Oriented,Childrens Funds,1.5,27.3,10.3,87.5,81.25,37.5,62.5,71.25,High,4,Primary risk drivers: Volatility and Market Sensitivity.,100.0,75.0,50.0,77.5,1,75.0,80.75
Taurus Banking & Financial Services-Direct Growth,1000,5000,1.66,8.91,10,Hardik Shah,2.12,-0.23,22.57,0.87,0.93,6,Taurus Mutual Fund,4,Equity,Sectoral / Thematic Mutual Funds,9.0,21.9,11.9,85.8974358974359,71.15384615384616,94.87179487179486,87.82051282051282,85.12820512820514,Very High,5,Primary risk drivers: Sharpe Risk and Downside Risk.,11.538461538461538,6.41025641025641,13.461538461538462,10.576923076923077,2,50.0,30.48076923076923
Taurus Discovery (Midcap) Fund,1000,5000,2.19,74.0,10,Hardik Shah,2.28,-5.29,17.41,0.93,1.27,6,Taurus Mutual Fund,3,Equity,Mid Cap Mutual Funds,3.6,26.4,10.9,73.91304347826086,76.08695652173914,93.47826086956522,95.65217391304348,82.60869565217392,Very High,5,Primary risk drivers: Downside Risk and Sharpe Risk.,21.73913043478261,10.869565217391305,8.695652173913043,14.565217391304348,2,50.0,33.71739130434783
Taurus Ethical Fund,1000,5000,1.18,84.0,10,Anuj Kapil,2.66,0.83,13.82,0.73,1.29,6,Taurus Mutual Fund,0,Equity,Sectoral / Thematic Mutual Funds,-3.5,22.3,11.4,10.256410256410255,34.61538461538461,59.61538461538461,56.41025641025641,34.23076923076923,Low,2,Primary risk drivers: Sharpe Risk and Downside Risk.,14.102564102564102,41.66666666666667,44.871794871794876,31.602564102564102,1,75.0,49.801282051282044
Taurus Flexi Cap Fund,1000,5000,2.59,233.0,10,Ankit Tikmany,1.69,-4.83,16.22,0.91,1.02,6,Taurus Mutual Fund,1,Equity,Flexi Cap Funds,-4.1,20.2,5.4,59.09090909090909,56.81818181818182,88.63636363636364,100.0,72.72727272727273,High,4,Primary risk drivers: Downside Risk and Sharpe Risk.,18.181818181818183,15.909090909090908,4.545454545454546,13.40909090909091,1,75.0,45.15909090909091
Taurus Infrastructure Fund,1000,5000,2.02,5.12,10,Neha Raichura,2.68,3.64,16.22,0.56,1.32,6,Taurus Mutual Fund,3,Equity,Sectoral / Thematic Mutual Funds,-0.7,25.3,8.9,30.76923076923077,7.6923076923076925,55.12820512820513,54.48717948717948,35.769230769230774,Low,2,Primary risk drivers: Sharpe Risk and Downside Risk.,41.02564102564102,46.15384615384615,46.794871794871796,44.294871794871796,1,75.0,58.993589743589745
Taurus Largecap Equity Fund,1000,5000,0.44,30.0,10,Ankit Tikmany,1.64,-5.6,17.24,0.96,0.94,6,Taurus Mutual Fund,1,Equity,Large Cap Mutual Funds,-2.5,19.5,7.6,96.42857142857143,80.35714285714286,96.42857142857143,100.0,93.92857142857144,Very High,5,Primary risk drivers: Downside Risk and Volatility.,11.11111111111111,7.142857142857142,3.571428571428571,7.658730158730158,2,50.0,29.51984126984127
Taurus Nifty 50 Index Fund,1000,5000,0.44,2.38,10,Ramneek Kundra,3.29,-0.33,16.42,0.98,1.33,6,Taurus Mutual Fund,0,Other,Index Funds,1.2,25.8,12.3,3.3333333333333335,15.0,16.666666666666664,50.0,17.666666666666668,Very Low,1,Primary risk drivers: Downside Risk and Sharpe Risk.,55.00000000000001,86.66666666666667,53.333333333333336,64.0,2,50.0,55.2
Taurus Tax Shield – Direct Growth,500,500,1.73,59.0,10,Ramneek Kundra,2.62,2.15,13.7,0.76,1.47,6,Taurus Mutual Fund,3,Equity,ELSS Mutual Funds,6.8,24.4,10.6,5.88235294117647,3.9215686274509802,52.94117647058824,84.31372549019608,30.58823529411765,Low,2,Primary risk drivers: Downside Risk and Sharpe Risk.,19.607843137254903,49.01960784313725,17.647058823529413,27.843137254901958,1,75.0,49.77450980392157
Templeton India Equity Income Fund,500,5000,1.3,1350.0,10,Anand Radhakrishnan,3.87,13.72,13.41,0.7,2.26,6,Franklin Templeton Mutual Fund,0,Equity,Dividend Yield Funds,8.3,37.7,14.5,16.666666666666664,16.666666666666664,16.666666666666664,50.0,23.333333333333332,Low,2,Primary risk drivers: Downside Risk and Volatility.,100.0,100.0,66.66666666666666,90.0,1,75.0,84.5
Templeton India Value Fund,500,5000,0.91,845.0,10,Anand Radhakrishnan,3.73,10.68,18.7,0.98,1.76,6,Franklin Templeton Mutual Fund,3,Equity,Value Funds,13.1,39.4,12.3,92.3076923076923,84.61538461538461,15.384615384615385,30.76923076923077,63.07692307692309,High,4,Primary risk drivers: Volatility and Market Sensitivity.,100.0,92.3076923076923,76.92307692307693,90.76923076923077,1,75.0,84.73076923076923
Union Arbitrage Fund,500,1000,0.44,72.0,4,Vishal Thakker,0.98,1.51,0.73,0.79,0.63,1,Union Mutual Fund,3,Hybrid,Arbitrage Mutual Funds,5.0,4.4,,77.27272727272727,100.0,72.72727272727273,63.63636363636363,78.18181818181819,High,4,Primary risk drivers: Market Sensitivity and Volatility.,29.545454545454547,31.818181818181817,40.909090909090914,33.63636363636364,1,75.0,53.5
Union Balanced Advantage Fund,500,1000,0.94,1679.0,5,Parijat Agrawal,4.24,1.73,9.99,0.64,1.36,3,Union Mutual Fund,3,Hybrid,Dynamic Asset Allocation or Balanced Advantage,3.6,18.3,10.2,68.42105263157895,78.94736842105263,52.63157894736842,10.526315789473683,55.789473684210535,Moderate,3,Primary risk drivers: Market Sensitivity and Volatility.,68.42105263157895,52.63157894736842,94.73684210526315,71.57894736842104,0,100.0,85.15789473684211
Union Corporate Bond Fund,1000,1000,0.45,390.0,5,Parijat Agrawal,1.07,1.1,2.21,0.85,0.6,2,Union Mutual Fund,2,Debt,Corporate Bond Mutual Funds,3.1,6.2,,83.33333333333334,77.77777777777779,77.77777777777779,77.77777777777779,80.00000000000001,Very High,5,Primary risk drivers: Volatility and Market Sensitivity.,22.22222222222222,27.77777777777778,27.77777777777778,25.555555555555557,2,50.0,37.11111111111111
Union Dynamic Bond Fund,1000,1000,1.29,92.0,10,Parijat Agrawal,0.05,-0.29,2.89,1.41,0.04,3,Union Mutual Fund,1,Debt,Dynamic Bond,2.6,4.7,6.0,66.66666666666666,90.47619047619048,95.23809523809523,95.23809523809523,82.85714285714286,Very High,5,Primary risk drivers: Sharpe Risk and Downside Risk.,14.285714285714285,9.523809523809524,9.523809523809524,11.428571428571429,2,50.0,31.285714285714285
Union Equity Savings Fund,500,1000,1.47,133.0,5,Sanjay Bembalkar,3.0,0.32,5.85,0.91,1.17,3,Union Mutual Fund,2,Hybrid,Equity Savings Mutual Funds,2.0,10.8,,38.095238095238095,54.761904761904766,85.71428571428571,76.19047619047619,58.57142857142858,Moderate,3,Primary risk drivers: Sharpe Risk and Downside Risk.,14.285714285714285,19.047619047619047,28.57142857142857,20.0,0,100.0,58.857142857142854
Union Flexi Cap Fund,500,1000,1.06,1337.0,10,Sanjay Bembalkar,3.37,1.28,16.05,0.92,1.43,6,Union Mutual Fund,4,Equity,Flexi Cap Funds,0.6,27.7,12.9,50.0,65.9090909090909,31.818181818181817,27.27272727272727,45.0,Moderate,3,Primary risk drivers: Market Sensitivity and Volatility.,72.72727272727273,72.72727272727273,77.27272727272727,74.0909090909091,0,100.0,86.77272727272727
Union Focused Fund,500,1000,1.57,317.0,4,Hardick Bora,3.33,1.82,15.14,0.85,1.44,6,Union Mutual Fund,4,Equity,Focused Funds,-0.1,26.2,,10.526315789473683,15.789473684210526,34.21052631578947,26.31578947368421,19.473684210526315,Very Low,1,Primary risk drivers: Sharpe Risk and Downside Risk.,52.63157894736842,71.05263157894737,78.94736842105263,66.05263157894737,2,50.0,55.34210526315789
Union Large & Midcap Fund,500,1000,1.2,396.0,3,Sanjay Bembalkar,2.94,2.26,16.6,0.93,1.42,6,Union Mutual Fund,3,Equity,Large & Mid Cap Funds,0.7,27.6,,68.75,70.83333333333334,70.83333333333334,75.0,70.83333333333334,High,4,Primary risk drivers: Downside Risk and Market Sensitivity.,41.66666666666667,33.33333333333333,29.166666666666668,35.416666666666664,1,75.0,56.458333333333336
Union Largecap Fund,1000,1000,1.8,230.0,6,Hardick Bora,3.13,-1.55,16.41,0.97,1.24,6,Union Mutual Fund,2,Equity,Large Cap Mutual Funds,0.1,24.3,9.9,78.57142857142857,91.07142857142857,71.42857142857143,35.714285714285715,71.07142857142857,High,4,Primary risk drivers: Market Sensitivity and Volatility.,46.2962962962963,32.142857142857146,67.85714285714286,48.51851851851852,1,75.0,61.31481481481482
Union Liquid Fund,2000,5000,0.07,1688.0,10,Devesh Thacker,5.48,1.4,0.38,0.76,1.0,2,Union Mutual Fund,4,Debt,Liquid Mutual Funds,5.7,4.4,4.6,63.63636363636363,66.66666666666666,25.757575757575758,15.151515151515152,46.96969696969697,Moderate,3,Primary risk drivers: Market Sensitivity and Volatility.,80.3030303030303,77.27272727272727,87.87878787878788,81.66666666666666,0,100.0,90.56060606060606
Union Long Term Equity Fund,500,500,1.62,573.0,10,Sanjay Bembalkar,3.97,2.09,15.89,0.92,1.49,6,Union Mutual Fund,4,Equity,ELSS Mutual Funds,2.3,28.5,12.8,45.09803921568628,59.80392156862745,48.03921568627451,9.803921568627452,41.568627450980394,Moderate,3,Primary risk drivers: Market Sensitivity and Sharpe Risk.,52.94117647058824,53.92156862745098,92.15686274509804,65.0,0,100.0,80.08823529411765
Union Overnight Fund,2000,5000,0.08,158.0,4,Devesh Thacker,-0.18,0.55,0.35,0.42,-0.04,1,Union Mutual Fund,3,Debt,Overnight Mutual Funds,5.4,3.9,,73.07692307692307,23.076923076923077,61.53846153846154,61.53846153846154,58.46153846153845,Moderate,3,Primary risk drivers: Volatility and Sharpe Risk.,57.692307692307686,42.30769230769231,42.30769230769231,48.46153846153846,0,100.0,76.07692307692307
Union Small Cap Fund,500,1000,1.35,710.0,9,Hardick Bora,3.63,5.81,17.48,0.75,1.77,6,Union Mutual Fund,3,Equity,Small Cap Mutual Funds,-0.1,37.1,12.8,24.0,14.000000000000002,88.0,76.0,45.2,Moderate,3,Primary risk drivers: Sharpe Risk and Downside Risk.,24.0,16.0,28.000000000000004,22.800000000000004,0,100.0,61.64
Union Value Discovery Fund,500,1000,1.59,144.0,4,Sanjay Bembalkar,4.01,2.11,17.21,0.99,1.43,6,Union Mutual Fund,3,Equity,Value Funds,2.9,29.7,,84.61538461538461,96.15384615384616,69.23076923076923,15.384615384615385,70.00000000000001,High,4,Primary risk drivers: Market Sensitivity and Volatility.,53.84615384615385,38.46153846153847,92.3076923076923,60.769230769230774,1,75.0,66.5
UTI-Arbitrage Fund,500,5000,0.34,3532.0,10,Rajeev Gupta,1.45,1.42,0.68,0.5,1.11,1,UTI Mutual Fund,3,Hybrid,Arbitrage Mutual Funds,5.4,4.7,5.5,20.454545454545457,29.545454545454547,36.36363636363637,36.36363636363637,28.63636363636364,Low,2,Primary risk drivers: Sharpe Risk and Downside Risk.,61.36363636363637,68.18181818181817,68.18181818181817,65.45454545454545,1,75.0,69.4090909090909
UTI-Banking & PSU Debt Fund,500,500,0.24,524.0,9,Anurag Mittal,3.32,1.2,3.44,-1.51,0.94,3,UTI Mutual Fund,1,Debt,Banking and PSU Mutual Funds,11.0,7.9,5.6,88.23529411764706,5.88235294117647,47.05882352941176,5.88235294117647,47.058823529411775,Moderate,3,Primary risk drivers: Volatility and Sharpe Risk.,100.0,58.82352941176471,100.0,87.64705882352942,0,100.0,96.29411764705883
UTI-Banking and Financial Services Fund,500,5000,1.39,824.0,10,Amit Premchandani,2.17,1.05,24.46,0.94,0.98,6,UTI Mutual Fund,1,Equity,Sectoral / Thematic Mutual Funds,8.2,24.4,6.7,97.43589743589743,87.17948717948718,89.74358974358975,84.61538461538461,91.28205128205128,Very High,5,Primary risk drivers: Volatility and Sharpe Risk.,30.76923076923077,11.538461538461538,16.666666666666664,20.76923076923077,2,50.0,37.38461538461539
UTI-Bond Fund,500,500,1.29,285.0,10,Amandeep Chopra,3.55,5.68,6.12,0.72,0.96,3,UTI Mutual Fund,5,Debt,Medium to Long Duration Funds,12.0,10.4,4.4,100.0,9.090909090909092,9.090909090909092,9.090909090909092,45.45454545454546,Moderate,3,Primary risk drivers: Volatility and Market Sensitivity.,100.0,100.0,100.0,100.0,0,100.0,100.0
UTI-CCF Investment Plan – Direct Growth,500,1000,1.52,685.0,10,Vetri Subramaniam,3.0,-0.7,16.2,0.94,0.95,6,UTI Mutual Fund,0,Solution Oriented,Childrens Funds,-3.3,24.1,10.1,100.0,100.0,87.5,37.5,85.0,Very High,5,Primary risk drivers: Volatility and Market Sensitivity.,75.0,25.0,75.0,60.0,2,50.0,58.0
UTI-Core Equity Fund,500,5000,1.68,1506.0,10,V Srivatsa,3.56,4.97,17.02,0.96,1.58,6,UTI Mutual Fund,2,Equity,Large & Mid Cap Funds,4.1,30.7,10.2,75.0,89.58333333333334,25.0,12.5,55.41666666666667,Moderate,3,Primary risk drivers: Market Sensitivity and Volatility.,79.16666666666666,79.16666666666666,91.66666666666666,82.91666666666666,0,100.0,90.70833333333333
UTI-Corporate Bond Fund,500,500,0.23,3092.0,5,Anurag Mittal,1.7,1.63,2.06,0.74,0.89,2,UTI Mutual Fund,3,Debt,Corporate Bond Mutual Funds,4.2,6.5,,63.888888888888886,55.55555555555556,66.66666666666666,44.44444444444444,58.888888888888886,Moderate,3,Primary risk drivers: Sharpe Risk and Volatility.,50.0,38.88888888888889,61.111111111111114,50.0,0,100.0,75.0
UTI-Credit Risk Fund,500,500,0.81,438.0,10,Ritesh Nambiar,0.68,0.94,10.47,-2.54,0.41,4,UTI Mutual Fund,4,Debt,Credit Risk Funds,5.0,8.3,-0.9,92.85714285714286,21.428571428571427,85.71428571428571,85.71428571428571,75.71428571428571,High,4,Primary risk drivers: Volatility and Sharpe Risk.,64.28571428571429,21.428571428571427,21.428571428571427,38.57142857142858,1,75.0,61.92857142857143
UTI-Dividend Yield Fund,500,5000,1.45,2786.0,10,Swati Kulkarni,2.93,1.9,14.96,0.82,1.41,6,UTI Mutual Fund,0,Equity,Dividend Yield Funds,-1.5,26.8,11.3,66.66666666666666,66.66666666666666,100.0,83.33333333333334,76.66666666666667,High,4,Primary risk drivers: Sharpe Risk and Downside Risk.,50.0,16.666666666666664,33.33333333333333,35.0,1,75.0,58.0
UTI-Dynamic Bond Fund,500,500,0.81,469.0,10,Sudhir Agrawal,4.4,6.35,6.76,0.56,0.96,3,UTI Mutual Fund,3,Debt,Dynamic Bond,12.5,11.0,6.3,100.0,9.523809523809524,16.666666666666664,4.761904761904762,46.19047619047619,Moderate,3,Primary risk drivers: Volatility and Sharpe Risk.,95.23809523809523,88.09523809523809,100.0,94.52380952380952,0,100.0,97.40476190476191
UTI-Equity Savings Fund,0,5000,0.68,257.0,5,V Srivatsa,4.06,3.98,5.99,0.91,1.75,3,UTI Mutual Fund,4,Hybrid,Equity Savings Mutual Funds,6.1,14.7,,42.857142857142854,54.761904761904766,26.190476190476193,23.809523809523807,38.095238095238095,Low,2,Primary risk drivers: Market Sensitivity and Volatility.,76.19047619047619,78.57142857142857,80.95238095238095,78.33333333333334,1,75.0,76.23809523809524
UTI-Flexi Cap Fund,500,5000,0.9,23944.0,10,Ajay Tyagi,2.36,-2.88,17.47,0.97,1.14,6,UTI Mutual Fund,4,Equity,Flexi Cap Funds,-9.0,22.5,12.2,86.36363636363636,90.9090909090909,81.81818181818183,81.81818181818183,85.45454545454547,Very High,5,Primary risk drivers: Market Sensitivity and Volatility.,31.818181818181817,22.727272727272727,22.727272727272727,26.36363636363636,2,50.0,39.272727272727266
UTI-Floater Fund,500,500,0.35,1637.0,4,Sudhir Agrawal,3.07,3.41,1.05,1.41,1.45,2,UTI Mutual Fund,3,Debt,Floater Mutual Funds,5.1,5.9,,28.57142857142857,85.71428571428571,71.42857142857143,28.57142857142857,48.57142857142857,Moderate,3,Primary risk drivers: Market Sensitivity and Sharpe Risk.,28.57142857142857,42.857142857142854,85.71428571428571,50.0,0,100.0,70.71428571428571
UTI-Gilt Fund,500,500,0.67,517.0,10,Sudhir Agrawal,0.55,0.47,2.8,0.55,0.38,3,UTI Mutual Fund,3,Debt,Gilt Mutual Funds,5.0,5.0,7.3,47.368421052631575,34.21052631578947,68.42105263157895,60.526315789473685,51.578947368421055,Moderate,3,Primary risk drivers: Sharpe Risk and Downside Risk.,36.84210526315789,36.84210526315789,44.73684210526316,39.21052631578947,0,100.0,69.13157894736842
UTI-Healthcare Fund,500,5000,1.47,655.0,10,V Srivatsa,1.99,1.12,20.55,0.94,0.91,6,UTI Mutual Fund,0,Equity,Sectoral / Thematic Mutual Funds,-9.0,22.0,12.0,71.7948717948718,87.17948717948718,96.15384615384616,92.94871794871796,83.97435897435898,Very High,5,Primary risk drivers: Sharpe Risk and Downside Risk.,12.82051282051282,5.128205128205128,8.333333333333332,9.166666666666666,2,50.0,30.314102564102562
UTI-Hybrid Equity Fund,500,1000,1.34,4286.0,10,V Srivatsa,3.63,5.77,12.55,0.84,1.69,6,UTI Mutual Fund,3,Hybrid,Aggressive Hybrid Mutual Funds,5.3,25.8,9.8,70.0,75.0,16.666666666666664,23.333333333333332,51.0,Moderate,3,Primary risk drivers: Market Sensitivity and Volatility.,76.66666666666667,86.66666666666667,80.0,80.66666666666667,0,100.0,89.53333333333333
UTI-India Consumer Fund,500,5000,1.8,436.0,10,Vishal Chopda,2.29,-1.44,13.74,0.71,1.09,6,UTI Mutual Fund,1,Equity,Sectoral / Thematic Mutual Funds,-0.5,18.0,8.4,8.974358974358974,30.76923076923077,76.92307692307693,76.28205128205127,40.38461538461539,Moderate,3,Primary risk drivers: Sharpe Risk and Downside Risk.,2.564102564102564,24.358974358974358,25.0,15.833333333333332,0,100.0,55.26282051282051
UTI-Infrastructure Fund,500,5000,1.92,1445.0,10,Sachin Trivedi,2.9,3.52,17.99,0.67,1.38,6,UTI Mutual Fund,2,Equity,Sectoral / Thematic Mutual Funds,12.9,28.0,9.4,50.0,24.358974358974358,50.641025641025635,45.51282051282051,44.1025641025641,Moderate,3,Primary risk drivers: Sharpe Risk and Volatility.,57.05128205128205,50.641025641025635,55.769230769230774,54.74358974358974,0,100.0,77.83333333333333
UTI-Liquid – Cash Plan – Direct Growth,0,500,0.14,31463.0,10,Amandeep Chopra,4.83,1.41,0.38,0.77,0.98,2,UTI Mutual Fund,4,Debt,Liquid Mutual Funds,5.7,4.4,5.3,63.63636363636363,77.27272727272727,31.818181818181817,30.303030303030305,53.33333333333333,Moderate,3,Primary risk drivers: Market Sensitivity and Volatility.,80.3030303030303,71.21212121212122,72.72727272727273,75.30303030303031,0,100.0,88.65151515151516
UTI-Long Term Equity Fund,500,500,0.95,2797.0,10,Vetri Subramaniam,2.98,-0.52,16.16,0.92,1.31,6,UTI Mutual Fund,3,Equity,ELSS Mutual Funds,-2.9,24.5,10.9,60.78431372549019,59.80392156862745,79.41176470588235,68.62745098039215,65.88235294117646,High,4,Primary risk drivers: Sharpe Risk and Downside Risk.,21.568627450980394,22.54901960784314,33.33333333333333,25.392156862745097,1,75.0,49.431372549019606
UTI-Mastershare – Direct Growth,500,100,0.97,10312.0,10,Karthikraj Lakshmanan,3.28,-0.57,15.87,0.93,1.29,6,UTI Mutual Fund,4,Equity,Large Cap Mutual Funds,-2.0,24.2,11.5,53.57142857142857,60.71428571428571,53.57142857142857,28.57142857142857,50.0,Moderate,3,Primary risk drivers: Market Sensitivity and Volatility.,40.74074074074074,50.0,75.0,53.7962962962963,0,100.0,74.28703703703704
UTI-Medium Term Fund,500,500,1.0,54.0,8,Sunil Patil,0.47,0.85,3.04,0.8,0.35,3,UTI Mutual Fund,2,Debt,Medium Duration Funds,3.7,5.4,4.6,75.0,58.333333333333336,83.33333333333334,83.33333333333334,75.00000000000001,High,4,Primary risk drivers: Sharpe Risk and Downside Risk.,25.0,25.0,25.0,25.0,1,75.0,50.0
UTI-Mid Cap Fund,500,5000,0.99,7077.0,10,Ankit Agarwal,3.49,1.03,16.43,0.89,1.65,6,UTI Mutual Fund,3,Equity,Mid Cap Mutual Funds,0.4,31.1,11.4,43.47826086956522,47.82608695652174,47.82608695652174,43.47826086956522,45.217391304347835,Moderate,3,Primary risk drivers: Market Sensitivity and Sharpe Risk.,52.17391304347826,56.52173913043478,60.86956521739131,56.086956521739125,0,100.0,77.26086956521739
UTI-MNC Fund,500,5000,1.24,2366.0,10,Swati Kulkarni,2.91,-0.64,12.33,0.62,1.14,6,UTI Mutual Fund,0,Equity,Sectoral / Thematic Mutual Funds,3.3,18.1,7.9,3.8461538461538463,17.94871794871795,72.43589743589743,42.94871794871795,28.205128205128204,Low,2,Primary risk drivers: Sharpe Risk and Downside Risk.,3.8461538461538463,28.846153846153843,58.333333333333336,27.692307692307693,1,75.0,46.57692307692307
UTI-Money Market Fund,500,500,0.2,7897.0,10,Amit Sharma,5.01,2.75,0.59,1.18,1.98,3,UTI Mutual Fund,4,Debt,Money Market Funds,5.6,5.3,6.2,38.23529411764706,26.47058823529412,17.647058823529413,17.647058823529413,27.647058823529417,Low,2,Primary risk drivers: Volatility and Market Sensitivity.,61.76470588235294,88.23529411764706,88.23529411764706,77.6470588235294,1,75.0,73.14705882352942
UTI-Multi Asset Fund,500,5000,1.04,860.0,10,Sharwan Kumar Goyal,2.87,1.01,9.98,0.64,1.28,6,UTI Mutual Fund,2,Hybrid,Multi Asset Allocation Mutual Funds,4.9,16.5,7.5,28.57142857142857,28.57142857142857,85.71428571428571,85.71428571428571,51.42857142857143,Moderate,3,Primary risk drivers: Sharpe Risk and Downside Risk.,28.57142857142857,28.57142857142857,28.57142857142857,28.57142857142857,0,100.0,64.28571428571428
UTI-Nifty 50 Index Fund,500,5000,0.2,9475.0,10,Sharwan Kumar Goyal,3.49,-0.6,16.8,1.0,1.31,6,UTI Mutual Fund,3,Other,Index Funds,0.9,26.2,12.0,50.0,75.0,26.666666666666668,3.3333333333333335,41.0,Moderate,3,Primary risk drivers: Market Sensitivity and Volatility.,85.0,76.66666666666667,100.0,87.0,0,100.0,93.1
UTI-Nifty Next 50 Index Fund,0,5000,0.33,1926.0,5,Sharwan Kumar Goyal,1.71,-4.62,18.16,0.99,0.97,6,UTI Mutual Fund,2,Other,Index Funds,-6.4,22.2,,90.0,41.66666666666667,86.66666666666667,88.33333333333333,79.33333333333334,High,4,Primary risk drivers: Volatility and Downside Risk.,16.666666666666664,16.666666666666664,15.0,16.166666666666664,1,75.0,45.68333333333334
UTI-Overnight Fund,500,500,0.07,5600.0,10,Amit Sharma,0.12,0.6,0.34,0.44,0.02,1,UTI Mutual Fund,3,Debt,Overnight Mutual Funds,5.4,3.9,4.6,30.76923076923077,57.692307692307686,42.30769230769231,38.46153846153847,40.0,Moderate,3,Primary risk drivers: Market Sensitivity and Sharpe Risk.,57.692307692307686,61.53846153846154,65.38461538461539,61.153846153846146,0,100.0,79.88461538461537
UTI-Regular Savings Fund,500,5000,1.2,1544.0,10,Amandeep Chopra,4.07,3.42,5.1,0.73,1.7,4,UTI Mutual Fund,3,Hybrid,Conservative Hybrid Mutual Funds,3.7,13.5,7.2,88.23529411764706,94.11764705882352,47.05882352941176,23.52941176470588,68.23529411764707,High,4,Primary risk drivers: Market Sensitivity and Volatility.,76.47058823529412,58.82352941176471,82.35294117647058,72.94117647058823,1,75.0,74.67647058823529
UTI-Retirement Benefit Pension Plan – Direct,500,500,1.05,3687.0,10,Sunil Patil,3.59,4.37,6.72,0.45,1.88,5,UTI Mutual Fund,0,Solution Oriented,Retirement Funds,5.2,17.2,7.5,45.0,15.0,12.5,15.0,26.5,Low,2,Primary risk drivers: Volatility and Market Sensitivity.,60.0,92.5,90.0,78.75,1,75.0,73.125
UTI-Short Term Income Fund,500,500,0.33,2269.0,10,Sudhir Agrawal,4.4,4.95,2.91,0.82,1.33,3,UTI Mutual Fund,5,Debt,Short Duration Funds,5.0,8.5,5.4,85.71428571428571,19.047619047619047,23.809523809523807,4.761904761904762,43.8095238095238,Moderate,3,Primary risk drivers: Volatility and Sharpe Risk.,90.47619047619048,80.95238095238095,100.0,90.47619047619048,0,100.0,95.23809523809524
UTI-Transportation & Logistics Fund,500,5000,1.03,1908.0,10,Sachin Trivedi,3.56,10.26,18.98,0.83,1.57,6,UTI Mutual Fund,0,Equity,Sectoral / Thematic Mutual Funds,14.1,32.9,5.1,55.12820512820513,58.333333333333336,29.48717948717949,17.94871794871795,43.20512820512821,Moderate,3,Primary risk drivers: Market Sensitivity and Volatility.,71.7948717948718,71.7948717948718,83.33333333333334,75.25641025641026,0,100.0,86.93589743589745
UTI-Treasury Advantage Fund,500,500,0.33,2565.0,10,Anurag Mittal,6.28,3.18,2.63,0.14,1.14,2,UTI Mutual Fund,5,Debt,Low Duration Funds,5.2,7.3,4.8,90.0,15.0,75.0,10.0,56.0,Moderate,3,Primary risk drivers: Volatility and Sharpe Risk.,95.0,30.0,95.0,75.5,0,100.0,91.65
UTI-Ultra Short Term Fund,500,500,0.44,2130.0,10,Ritesh Nambiar,7.6,2.62,1.51,0.49,1.3,3,UTI Mutual Fund,5,Debt,Ultra Short Duration Funds,5.4,6.1,5.7,95.65217391304348,13.043478260869565,69.56521739130434,4.3478260869565215,55.652173913043484,Moderate,3,Primary risk drivers: Volatility and Sharpe Risk.,91.30434782608695,34.78260869565217,100.0,76.95652173913044,0,100.0,91.34782608695652
UTI-Unit Linked Insurance Plan – Direct,500,15000,0.96,5068.0,10,Amandeep Chopra,2.47,0.92,7.06,0.44,1.29,4,UTI Mutual Fund,0,Hybrid,Dynamic Asset Allocation or Balanced Advantage,-0.7,13.1,6.2,5.263157894736842,5.263157894736842,57.89473684210527,78.94736842105263,30.52631578947369,Low,2,Primary risk drivers: Downside Risk and Sharpe Risk.,36.84210526315789,47.368421052631575,26.31578947368421,36.84210526315789,1,75.0,55.921052631578945
UTI-Value Opportunities Fund,500,5000,1.16,6740.0,10,Vetri Subramaniam,3.21,2.73,15.62,0.9,1.48,6,UTI Mutual Fund,4,Equity,Value Funds,1.7,27.2,12.2,23.076923076923077,34.61538461538461,61.53846153846154,61.53846153846154,40.76923076923077,Moderate,3,Primary risk drivers: Sharpe Risk and Downside Risk.,30.76923076923077,46.15384615384615,46.15384615384615,40.0,0,100.0,68.15384615384616
WhiteOak Capital Liquid Fund,500,500,0.26,197.0,4,Piyush Baranwal,-0.42,0.93,0.39,0.72,-0.07,1,WhiteOak Capital Mutual Fund,1,Debt,Liquid Mutual Funds,5.3,3.8,,93.93939393939394,34.84848484848485,96.96969696969697,100.0,83.93939393939394,Very High,5,Primary risk drivers: Downside Risk and Sharpe Risk.,4.545454545454546,6.0606060606060606,3.0303030303030303,4.545454545454546,2,50.0,27.272727272727273
WhiteOak Capital Overnight Fund,500,500,0.22,14.0,4,Piyush Baranwal,-0.42,0.93,0.39,0.72,-0.07,1,WhiteOak Capital Mutual Fund,1,Debt,Overnight Mutual Funds,1.7,32.4,13.3,100.0,100.0,80.76923076923077,80.76923076923077,92.30769230769232,Very High,5,Primary risk drivers: Volatility and Market Sensitivity.,100.0,23.076923076923077,23.076923076923077,53.84615384615384,2,50.0,61.153846153846146
WhiteOak Capital Ultra Short Term Fund,500,500,0.33,141.0,4,Piyush Baranwal,2.81,1.2,0.72,0.47,0.8,1,WhiteOak Capital Mutual Fund,2,Debt,Ultra Short Duration Funds,5.3,4.5,,84.78260869565217,8.695652173913043,91.30434782608695,73.91304347826086,68.69565217391303,High,4,Primary risk drivers: Sharpe Risk and Volatility.,13.043478260869565,13.043478260869565,30.434782608695656,18.26086956521739,1,75.0,45.58695652173913
